[23:20:54] [main/DEBUG] [FML/]: Injecting tracing printstreams for STDOUT/STDERR.
[23:20:54] [main/INFO] [FML/]: Forge Mod Loader version 7.99.40.1614 for Minecraft 1.7.10 loading
[23:20:54] [main/INFO] [FML/]: Java is OpenJDK 64-Bit Server VM, version 1.8.0_492, running on Windows 10:amd64:10.0, installed at C:\Users\MrUser\.gradle\jdks\azul_systems__inc_-8-amd64-windows.2\jre
[23:20:54] [main/DEBUG] [FML/]: Java classpath at launch is C:\Users\MrUser\.gradle\caches\modules-2\files-2.1\org.lwjgl.lwjgl\lwjgl\2.9.4-nightly-20150209\697517568c68e78ae0b4544145af031c81082dfe\lwjgl-2.9.4-nightly-20150209.jar;C:\Users\MrUser\.gradle\caches\modules-2\files-2.1\org.lwjgl.lwjgl\lwjgl_util\2.9.4-nightly-20150209\d51a7c040a721d13efdfbd34f8b257b2df882ad0\lwjgl_util-2.9.4-nightly-20150209.jar;C:\Users\MrUser\.gradle\caches\modules-2\files-2.1\org.lwjgl.lwjgl\lwjgl-platform\2.9.4-nightly-20150209\b84d5102b9dbfabfeb5e43c7e2828d98a7fc80e0\lwjgl-platform-2.9.4-nightly-20150209-natives-windows.jar;C:\Users\MrUser\Desktop\MinecraftDev\Psychedelicraft-Legacy-1.7.10\build\rfg\mclauncher-1.7.10.jar;C:\Users\MrUser\Desktop\MinecraftDev\Psychedelicraft-Legacy-1.7.10\build\rfg\recompiled_minecraft-1.7.10.jar;C:\Users\MrUser\.gradle\caches\modules-2\files-2.1\me.eigenraven.java8unsupported\java-8-unsupported-shim\1.0.0\2d0687782e2d091a6f3cf4709c54368fe6ab47e8\java-8-unsupported-shim-1.0.0.jar;C:\Users\MrUser\.gradle\caches\modules-2\files-2.1\net.minecraft\launchwrapper\1.12\111e7bea9c968cdb3d06ef4632bf7ff0824d0f36\launchwrapper-1.12.jar;C:\Users\MrUser\.gradle\caches\modules-2\files-2.1\com.mojang\authlib\1.5.21\aefba0d5b53fbcb70860bc8046ab95d5854c07a5\authlib-1.5.21.jar;C:\Users\MrUser\.gradle\caches\modules-2\files-2.1\com.google.code.findbugs\jsr305\2.0.1\516c03b21d50a644d538de0f0369c620989cd8f0\jsr305-2.0.1.jar;C:\Users\MrUser\.gradle\caches\modules-2\files-2.1\com.typesafe.akka\akka-actor_2.11\2.3.3\ed62e9fc709ca0f2ff1a3220daa8b70a2870078e\akka-actor_2.11-2.3.3.jar;C:\Users\MrUser\.gradle\caches\modules-2\files-2.1\com.typesafe\config\1.2.1\f771f71fdae3df231bcd54d5ca2d57f0bf93f467\config-1.2.1.jar;C:\Users\MrUser\.gradle\caches\modules-2\files-2.1\org.scala-lang\scala-actors-migration_2.11\1.1.0\dfa8bc42b181d5b9f1a5dd147f8ae308b893eb6f\scala-actors-migration_2.11-1.1.0.jar;C:\Users\MrUser\.gradle\caches\modules-2\files-2.1\org.scala-lang\scala-compiler\2.11.5\eb2631e425d240f55ffc060c3262caa4d05d8d1a\scala-compiler-2.11.5.jar;C:\Users\MrUser\.gradle\caches\modules-2\files-2.1\org.scala-lang.plugins\scala-continuations-library_2.11\1.0.2\e517c53a7e9acd6b1668c5a35eccbaa3bab9aac\scala-continuations-library_2.11-1.0.2.jar;C:\Users\MrUser\.gradle\caches\modules-2\files-2.1\org.scala-lang.plugins\scala-continuations-plugin_2.11.1\1.0.2\f361a3283452c57fa30c1ee69448995de23c60f7\scala-continuations-plugin_2.11.1-1.0.2.jar;C:\Users\MrUser\.gradle\caches\modules-2\files-2.1\org.scala-lang\scala-library\2.11.5\a5544bb030c5e6c3d81ad116b7dc5024f047df26\scala-library-2.11.5.jar;C:\Users\MrUser\.gradle\caches\modules-2\files-2.1\org.scala-lang\scala-parser-combinators_2.11\1.0.1\f05d7345bf5a58924f2837c6c1f4d73a938e1ff0\scala-parser-combinators_2.11-1.0.1.jar;C:\Users\MrUser\.gradle\caches\modules-2\files-2.1\org.scala-lang\scala-reflect\2.11.5\69ce65b0f0767c4e5eafaf789fdde7aab78bd9d\scala-reflect-2.11.5.jar;C:\Users\MrUser\.gradle\caches\modules-2\files-2.1\org.scala-lang\scala-swing_2.11\1.0.1\b1cdd92bd47b1e1837139c1c53020e86bb9112ae\scala-swing_2.11-1.0.1.jar;C:\Users\MrUser\.gradle\caches\modules-2\files-2.1\org.scala-lang\scala-xml_2.11\1.0.2\7a80ec00aec122fba7cd4e0d4cdd87ff7e4cb6d0\scala-xml_2.11-1.0.2.jar;C:\Users\MrUser\.gradle\caches\modules-2\files-2.1\lzma\lzma\0.0.1\521616dc7487b42bef0e803bd2fa3faf668101d7\lzma-0.0.1.jar;C:\Users\MrUser\.gradle\caches\modules-2\files-2.1\org.ow2.asm\asm-debug-all\5.0.3\f9e364ae2a66ce2a543012a4668856e84e5dab74\asm-debug-all-5.0.3.jar;C:\Users\MrUser\.gradle\caches\modules-2\files-2.1\com.paulscode\codecjorbis\20101023\c73b5636faf089d9f00e8732a829577de25237ee\codecjorbis-20101023.jar;C:\Users\MrUser\.gradle\caches\modules-2\files-2.1\com.paulscode\codecwav\20101023\12f031cfe88fef5c1dd36c563c0a3a69bd7261da\codecwav-20101023.jar;C:\Users\MrUser\.gradle\caches\modules-2\files-2.1\com.paulscode\libraryjavasound\20101123\5c5e304366f75f9eaa2e8cca546a1fb6109348b3\libraryjavasound-20101123.jar;C:\Users\MrUser\.gradle\caches\modules-2\files-2.1\com.paulscode\librarylwjglopenal\20100824\73e80d0794c39665aec3f62eee88ca91676674ef\librarylwjglopenal-20100824.jar;C:\Users\MrUser\.gradle\caches\modules-2\files-2.1\com.paulscode\soundsystem\20120107\419c05fe9be71f792b2d76cfc9b67f1ed0fec7f6\soundsystem-20120107.jar;C:\Users\MrUser\.gradle\caches\modules-2\files-2.1\com.mojang\netty\1.8.8\a796914d1c8a55b4da9f4a8856dd9623375d8bb\netty-1.8.8.jar;C:\Users\MrUser\.gradle\caches\modules-2\files-2.1\com.mojang\realms\1.3.5\807ae355ee63583becd7ea60e76aab1532bb42e\realms-1.3.5.jar;C:\Users\MrUser\.gradle\caches\modules-2\files-2.1\org.apache.commons\commons-compress\1.8.1\a698750c16740fd5b3871425f4cb3bbaa87f529d\commons-compress-1.8.1.jar;C:\Users\MrUser\.gradle\caches\modules-2\files-2.1\org.apache.httpcomponents\httpclient\4.3.3\18f4247ff4572a074444572cee34647c43e7c9c7\httpclient-4.3.3.jar;C:\Users\MrUser\.gradle\caches\modules-2\files-2.1\commons-logging\commons-logging\1.1.3\f6f66e966c70a83ffbdb6f17a0919eaf7c8aca7f\commons-logging-1.1.3.jar;C:\Users\MrUser\.gradle\caches\modules-2\files-2.1\org.apache.httpcomponents\httpcore\4.3.2\31fbbff1ddbf98f3aa7377c94d33b0447c646b6e\httpcore-4.3.2.jar;C:\Users\MrUser\.gradle\caches\modules-2\files-2.1\java3d\vecmath\1.3.1\a0ae4f51da409fa0c20fa0ca59e6bbc9413ae71d\vecmath-1.3.1.jar;C:\Users\MrUser\.gradle\caches\modules-2\files-2.1\net.sf.trove4j\trove4j\3.0.3\42ccaf4761f0dfdfa805c9e340d99a755907e2dd\trove4j-3.0.3.jar;C:\Users\MrUser\.gradle\caches\modules-2\files-2.1\com.ibm.icu\icu4j-core-mojang\51.2\63d216a9311cca6be337c1e458e587f99d382b84\icu4j-core-mojang-51.2.jar;C:\Users\MrUser\.gradle\caches\modules-2\files-2.1\net.sf.jopt-simple\jopt-simple\4.5\6065cc95c661255349c1d0756657be17c29a4fd3\jopt-simple-4.5.jar;C:\Users\MrUser\.gradle\caches\modules-2\files-2.1\io.netty\netty-all\4.0.10.Final\9e50bd52ffe257a0e2cd8d971688d6ce7d174325\netty-all-4.0.10.Final.jar;C:\Users\MrUser\.gradle\caches\modules-2\files-2.1\com.google.guava\guava\17.0\9c6ef172e8de35fd8d4d8783e4821e57cdef7445\guava-17.0.jar;C:\Users\MrUser\.gradle\caches\modules-2\files-2.1\org.apache.commons\commons-lang3\3.3.2\90a3822c38ec8c996e84c16a3477ef632cbc87a3\commons-lang3-3.3.2.jar;C:\Users\MrUser\.gradle\caches\modules-2\files-2.1\commons-io\commons-io\2.4\b1b6ea3b7e4aa4f492509a4952029cd8e48019ad\commons-io-2.4.jar;C:\Users\MrUser\.gradle\caches\modules-2\files-2.1\commons-codec\commons-codec\1.9\9ce04e34240f674bc72680f8b843b1457383161a\commons-codec-1.9.jar;C:\Users\MrUser\.gradle\caches\modules-2\files-2.1\net.java.jinput\jinput\2.0.5\39c7796b469a600f72380316f6b1f11db6c2c7c4\jinput-2.0.5.jar;C:\Users\MrUser\.gradle\caches\modules-2\files-2.1\net.java.jutils\jutils\1.0.0\e12fe1fda814bd348c1579329c86943d2cd3c6a6\jutils-1.0.0.jar;C:\Users\MrUser\.gradle\caches\modules-2\files-2.1\com.google.code.gson\gson\2.2.4\a60a5e993c98c864010053cb901b7eab25306568\gson-2.2.4.jar;C:\Users\MrUser\.gradle\caches\modules-2\files-2.1\org.apache.logging.log4j\log4j-api\2.0-beta9-fixed\b61eaf2e64d8b0277e188262a8b771bbfa1502b3\log4j-api-2.0-beta9-fixed.jar;C:\Users\MrUser\.gradle\caches\modules-2\files-2.1\org.apache.logging.log4j\log4j-core\2.0-beta9-fixed\677991ea2d7426f76309a73739cecf609679492c\log4j-core-2.0-beta9-fixed.jar;C:\Users\MrUser\.gradle\caches\modules-2\files-2.1\net.java.jinput\jinput-platform\2.0.5\385ee093e01f587f30ee1c8a2ee7d408fd732e16\jinput-platform-2.0.5-natives-windows.jar;C:\Users\MrUser\.gradle\caches\modules-2\files-2.1\net.java.jinput\jinput-platform\2.0.5\7ff832a6eb9ab6a767f1ade2b548092d0fa64795\jinput-platform-2.0.5-natives-linux.jar;C:\Users\MrUser\.gradle\caches\modules-2\files-2.1\net.java.jinput\jinput-platform\2.0.5\53f9c919f34d2ca9de8c51fc4e1e8282029a9232\jinput-platform-2.0.5-natives-osx.jar;C:\Users\MrUser\.gradle\caches\modules-2\files-2.1\tv.twitch\twitch\5.16\1f55f009c61637c10c0acfb8b5ffc600f30044b4\twitch-5.16.jar;C:\Users\MrUser\.gradle\caches\modules-2\files-2.1\tv.twitch\twitch-platform\5.16\39d0c3d363735b4785598e0e7fbf8297c706a9f9\twitch-platform-5.16-natives-windows-64.jar;C:\Users\MrUser\.gradle\caches\modules-2\files-2.1\tv.twitch\twitch-platform\5.16\7c6affe439099806a4f552da14c42f9d643d8b23\twitch-platform-5.16-natives-windows-32.jar;C:\Users\MrUser\.gradle\caches\modules-2\files-2.1\tv.twitch\twitch-platform\5.16\62503ee712766cf77f97252e5902786fd834b8c5\twitch-platform-5.16-natives-osx.jar;C:\Users\MrUser\.gradle\caches\modules-2\files-2.1\tv.twitch\twitch-external-platform\4.5\c3cde57891b935d41b6680a9c5e1502eeab76d86\twitch-external-platform-4.5-natives-windows-64.jar;C:\Users\MrUser\.gradle\caches\modules-2\files-2.1\tv.twitch\twitch-external-platform\4.5\18215140f010c05b9f86ef6f0f8871954d2ccebf\twitch-external-platform-4.5-natives-windows-32.jar;C:\Users\MrUser\Desktop\MinecraftDev\Psychedelicraft-Legacy-1.7.10\build\libs\Psychedelicraft-1.5.4-dev.jar;C:\Users\MrUser\.gradle\caches\modules-2\files-2.1\com.github.quentin452\IvToolkit\V1.2.2\df62c8bf06af4dfb661c0bc86e58e991585102a1\IvToolkit-V1.2.2.jar;C:\Users\MrUser\.gradle\caches\modules-2\files-2.1\org.eclipse.jgit\org.eclipse.jgit\6.8.0.202311291450-r\a665a8ad3a3fbeaee292d5927d204ffe8f6aa23d\org.eclipse.jgit-6.8.0.202311291450-r.jar;C:\Users\MrUser\.gradle\caches\modules-2\files-2.1\com.github.GTNewHorizons\NotEnoughItems\2.7.4-GTNH\86b7c28a7e2a357ec04763ce60cfc4f3b85135db\NotEnoughItems-2.7.4-GTNH-dev.jar;C:\Users\MrUser\.gradle\caches\modules-2\files-2.1\commons-codec\commons-codec\1.16.0\4e3eb3d79888d76b54e28b350915b5dc3919c9de\commons-codec-1.16.0.jar;C:\Users\MrUser\.gradle\caches\modules-2\files-2.1\com.googlecode.javaewah\JavaEWAH\1.2.3\13a27c856e0c8808cee9a64032c58eee11c3adc9\JavaEWAH-1.2.3.jar;C:\Users\MrUser\.gradle\caches\modules-2\files-2.1\org.slf4j\slf4j-api\1.7.36\6c62681a2f655b49963a5983b8b0950a6120ae14\slf4j-api-1.7.36.jar;C:\Users\MrUser\.gradle\caches\modules-2\files-2.1\com.github.GTNewHorizons\CodeChickenCore\1.4.0\a680e0f45e839e1b3c27e5b4ae99da860a5cfb0e\CodeChickenCore-1.4.0-dev.jar
[23:20:54] [main/DEBUG] [FML/]: Java library path at launch is C:\Users\MrUser\Desktop\MinecraftDev\Psychedelicraft-Legacy-1.7.10\run\natives\lwjgl2;C:\Program Files\Eclipse Adoptium\jdk-17.0.18.8-hotspot\bin;C:\Windows\Sun\Java\bin;C:\Windows\system32;C:\Windows;C:\Users\MrUser\AppData\Local\Programs\Python\Python314\Scripts\;C:\Users\MrUser\AppData\Local\Programs\Python\Python314\;C:\Program Files\Eclipse Adoptium\jdk-17.0.18.8-hotspot\bin;C:\Windows\system32;C:\Windows;C:\Windows\System32\Wbem;C:\Windows\System32\WindowsPowerShell\v1.0\;C:\Windows\System32\OpenSSH\;C:\Program Files\NVIDIA Corporation\NVIDIA App\NvDLISR;C:\Program Files (x86)\NVIDIA Corporation\PhysX\Common;C:\Program Files\Git\cmd;C:\Program Files\nodejs\;C:\ProgramData\chocolatey\bin;C:\Users\MrUser\.local\bin;C:\Users\MrUser\AppData\Local\Microsoft\WindowsApps;D:\Program\cursor\resources\app\bin;C:\Program Files\Eclipse Adoptium\jdk-17.0.18.8-hotspot\bin;D:\Program\Antigravity\bin;C:\Users\MrUser\.lmstudio\bin;C:\Users\MrUser\AppData\Roaming\npm;c:\Users\MrUser\.antigravity\extensions\vscjava.vscode-java-debug-0.59.0-universal\bundled\scripts\noConfigScripts;.
[23:20:54] [main/INFO] [FML/]: Managed to load a deobfuscated Minecraft name- we are in a deobfuscated environment. Skipping runtime deobfuscation
[23:20:54] [main/DEBUG] [FML/]: Instantiating coremod class FMLCorePlugin
[23:20:54] [main/DEBUG] [FML/]: Added access transformer class cpw.mods.fml.common.asm.transformers.AccessTransformer to enqueued access transformers
[23:20:54] [main/DEBUG] [FML/]: Enqueued coremod FMLCorePlugin
[23:20:54] [main/DEBUG] [FML/]: Instantiating coremod class FMLForgePlugin
[23:20:54] [main/DEBUG] [FML/]: Added access transformer class net.minecraftforge.transformers.ForgeAccessTransformer to enqueued access transformers
[23:20:54] [main/DEBUG] [FML/]: Enqueued coremod FMLForgePlugin
[23:20:54] [main/DEBUG] [FML/]: All fundamental core mods are successfully located
[23:20:54] [main/INFO] [FML/]: Found a command line coremod : codechicken.nei.asm.NEICorePlugin
[23:20:54] [main/DEBUG] [FML/]: Instantiating coremod class NEICorePlugin
[23:20:54] [main/DEBUG] [FML/]: The coremod codechicken.nei.asm.NEICorePlugin requested minecraft version 1.7.10 and minecraft is 1.7.10. It will be loaded.
[23:20:54] [main/DEBUG] [FML/]: Enqueued coremod NEICorePlugin
[23:20:54] [main/INFO] [FML/]: Found a command line coremod : ivorius.psychedelicraftcore.PsychedelicraftLoadingPlugin
[23:20:54] [main/DEBUG] [FML/]: Instantiating coremod class PsychedelicraftLoadingPlugin
[23:20:54] [main/TRACE] [FML/]: coremod named Psychedelicraft Core is loading
[23:20:54] [main/DEBUG] [FML/]: The coremod ivorius.psychedelicraftcore.PsychedelicraftLoadingPlugin requested minecraft version 1.7.10 and minecraft is 1.7.10. It will be loaded.
[23:20:54] [main/DEBUG] [FML/]: Enqueued coremod Psychedelicraft Core
[23:20:54] [main/INFO] [FML/]: Found a command line coremod : codechicken.core.launch.CodeChickenCorePlugin
[23:20:54] [main/DEBUG] [FML/]: Instantiating coremod class CodeChickenCorePlugin
[23:20:54] [main/DEBUG] [FML/]: The coremod codechicken.core.launch.CodeChickenCorePlugin requested minecraft version 1.7.10 and minecraft is 1.7.10. It will be loaded.
[23:20:54] [main/DEBUG] [FML/]: Added access transformer class codechicken.core.asm.CodeChickenAccessTransformer to enqueued access transformers
[23:20:54] [main/DEBUG] [FML/]: Enqueued coremod CodeChickenCorePlugin
[23:20:54] [main/DEBUG] [FML/]: Attempting to load commandline specified mods, relative to C:\Users\MrUser\Desktop\MinecraftDev\Psychedelicraft-Legacy-1.7.10\run
[23:20:54] [main/DEBUG] [FML/]: Discovering coremods
[23:20:54] [main/INFO] [LaunchWrapper/]: Calling tweak class net.minecraftforge.gradle.tweakers.CoremodTweaker
[23:20:54] [main/INFO] [GradleStart/]: Injecting location in coremod cpw.mods.fml.relauncher.FMLCorePlugin
[23:20:54] [main/INFO] [GradleStart/]: Injecting location in coremod net.minecraftforge.classloading.FMLForgePlugin
[23:20:54] [main/INFO] [GradleStart/]: Injecting location in coremod codechicken.core.asm.MCPDeobfuscationTransformer.LoadPlugin
[23:20:54] [main/INFO] [GradleStart/]: Injecting location in coremod codechicken.nei.asm.NEICorePlugin
[23:20:54] [main/INFO] [GradleStart/]: Injecting location in coremod ivorius.psychedelicraftcore.PsychedelicraftLoadingPlugin
[23:20:54] [main/INFO] [GradleStart/]: Injecting location in coremod codechicken.core.launch.CodeChickenCorePlugin
[23:20:54] [main/INFO] [LaunchWrapper/]: Loading tweak class name cpw.mods.fml.common.launcher.FMLInjectionAndSortingTweaker
[23:20:54] [main/INFO] [LaunchWrapper/]: Loading tweak class name cpw.mods.fml.common.launcher.FMLDeobfTweaker
[23:20:54] [main/INFO] [LaunchWrapper/]: Loading tweak class name net.minecraftforge.gradle.tweakers.AccessTransformerTweaker
[23:20:54] [main/INFO] [LaunchWrapper/]: Calling tweak class cpw.mods.fml.common.launcher.FMLInjectionAndSortingTweaker
[23:20:54] [main/INFO] [LaunchWrapper/]: Calling tweak class cpw.mods.fml.common.launcher.FMLInjectionAndSortingTweaker
[23:20:54] [main/INFO] [LaunchWrapper/]: Calling tweak class cpw.mods.fml.relauncher.CoreModManager$FMLPluginWrapper
[23:20:54] [main/DEBUG] [FML/]: Injecting coremod FMLCorePlugin {cpw.mods.fml.relauncher.FMLCorePlugin} class transformers
[23:20:54] [main/TRACE] [FML/]: Registering transformer cpw.mods.fml.common.asm.transformers.MarkerTransformer
[23:20:54] [main/TRACE] [FML/]: Registering transformer cpw.mods.fml.common.asm.transformers.SideTransformer
[23:20:54] [main/TRACE] [FML/]: Registering transformer cpw.mods.fml.common.asm.transformers.EventSubscriptionTransformer
[23:20:54] [main/DEBUG] [FML/]: Injection complete
[23:20:54] [main/DEBUG] [FML/]: Running coremod plugin for FMLCorePlugin {cpw.mods.fml.relauncher.FMLCorePlugin}
[23:20:54] [main/DEBUG] [FML/]: Running coremod plugin FMLCorePlugin
[23:20:54] [main/ERROR] [FML/]: The binary patch set is missing. Either you are in a development environment, or things are not going to work!
[23:20:55] [main/ERROR] [FML/]: FML appears to be missing any signature data. This is not a good thing
[23:20:55] [main/DEBUG] [FML/]: Coremod plugin class FMLCorePlugin run successfully
[23:20:55] [main/INFO] [LaunchWrapper/]: Calling tweak class cpw.mods.fml.relauncher.CoreModManager$FMLPluginWrapper
[23:20:55] [main/DEBUG] [FML/]: Injecting coremod FMLForgePlugin {net.minecraftforge.classloading.FMLForgePlugin} class transformers
[23:20:55] [main/TRACE] [FML/]: Registering transformer net.minecraftforge.classloading.FluidIdTransformer
[23:20:55] [main/DEBUG] [FML/]: Injection complete
[23:20:55] [main/DEBUG] [FML/]: Running coremod plugin for FMLForgePlugin {net.minecraftforge.classloading.FMLForgePlugin}
[23:20:55] [main/DEBUG] [FML/]: Running coremod plugin FMLForgePlugin
[23:20:55] [main/DEBUG] [FML/]: Coremod plugin class FMLForgePlugin run successfully
[23:20:55] [main/INFO] [LaunchWrapper/]: Calling tweak class cpw.mods.fml.relauncher.CoreModManager$FMLPluginWrapper
[23:20:55] [main/DEBUG] [FML/]: Injecting coremod CCCDeobfPlugin {codechicken.core.asm.MCPDeobfuscationTransformer$LoadPlugin} class transformers
[23:20:55] [main/DEBUG] [FML/]: Injection complete
[23:20:55] [main/DEBUG] [FML/]: Running coremod plugin for CCCDeobfPlugin {codechicken.core.asm.MCPDeobfuscationTransformer$LoadPlugin}
[23:20:55] [main/DEBUG] [FML/]: Running coremod plugin CCCDeobfPlugin
[23:20:55] [main/DEBUG] [FML/]: Coremod plugin class LoadPlugin run successfully
[23:20:55] [main/INFO] [LaunchWrapper/]: Calling tweak class cpw.mods.fml.relauncher.CoreModManager$FMLPluginWrapper
[23:20:55] [main/DEBUG] [FML/]: Injecting coremod NEICorePlugin {codechicken.nei.asm.NEICorePlugin} class transformers
[23:20:55] [main/TRACE] [FML/]: Registering transformer codechicken.nei.asm.NEITransformer
[23:20:55] [main/DEBUG] [FML/]: Injection complete
[23:20:55] [main/DEBUG] [FML/]: Running coremod plugin for NEICorePlugin {codechicken.nei.asm.NEICorePlugin}
[23:20:55] [main/DEBUG] [FML/]: Running coremod plugin NEICorePlugin
[23:20:55] [main/DEBUG] [FML/]: Coremod plugin class NEICorePlugin run successfully
[23:20:55] [main/INFO] [LaunchWrapper/]: Calling tweak class cpw.mods.fml.relauncher.CoreModManager$FMLPluginWrapper
[23:20:55] [main/DEBUG] [FML/]: Injecting coremod CodeChickenCorePlugin {codechicken.core.launch.CodeChickenCorePlugin} class transformers
[23:20:55] [main/TRACE] [FML/]: Registering transformer codechicken.lib.asm.ClassHeirachyManager
[23:20:55] [main/TRACE] [FML/]: Registering transformer codechicken.core.asm.TweakTransformer
[23:20:55] [main/TRACE] [FML/]: Registering transformer codechicken.core.asm.DelegatedTransformer
[23:20:55] [main/TRACE] [FML/]: Registering transformer codechicken.core.asm.DefaultImplementationTransformer
[23:20:55] [main/TRACE] [FML/]: Registering transformer codechicken.lib.asm.RedirectorTransformer
[23:20:55] [main/DEBUG] [FML/]: Injection complete
[23:20:55] [main/DEBUG] [FML/]: Running coremod plugin for CodeChickenCorePlugin {codechicken.core.launch.CodeChickenCorePlugin}
[23:20:55] [main/DEBUG] [FML/]: Running coremod plugin CodeChickenCorePlugin
[23:20:55] [main/DEBUG] [FML/]: Coremod plugin class CodeChickenCorePlugin run successfully
[23:20:55] [main/INFO] [LaunchWrapper/]: Calling tweak class cpw.mods.fml.common.launcher.FMLDeobfTweaker
[23:20:55] [main/DEBUG] [FML/]: Loaded 57 rules from AccessTransformer config file fml_at.cfg
[23:20:55] [main/DEBUG] [FML/]: Loaded 89 rules from AccessTransformer config file forge_at.cfg
[23:20:55] [main/DEBUG] [FML/]: Loaded 57 rules from AccessTransformer config file fml_at.cfg
[23:20:55] [main/DEBUG] [FML/]: Loaded 13 rules from AccessTransformer mod jar file C:\Users\MrUser\.gradle\caches\modules-2\files-2.1\com.github.GTNewHorizons\NotEnoughItems\2.7.4-GTNH\86b7c28a7e2a357ec04763ce60cfc4f3b85135db\NotEnoughItems-2.7.4-GTNH-dev.jar!META-INF/nei_at.cfg

[23:20:55] [main/DEBUG] [FML/]: Validating minecraft
[23:20:55] [main/DEBUG] [FML/]: Minecraft validated, launching...
[23:20:55] [main/INFO] [LaunchWrapper/]: Calling tweak class net.minecraftforge.gradle.tweakers.AccessTransformerTweaker
[23:20:55] [main/DEBUG] [GradleStart/]: Reading CSV file: C:\Users\MrUser\.gradle\caches\minecraft\net\minecraftforge\forge\1.7.10-10.13.4.1614-1.7.10\unpacked\conf\fields.csv
[23:20:55] [main/DEBUG] [GradleStart/]: Reading CSV file: C:\Users\MrUser\.gradle\caches\minecraft\net\minecraftforge\forge\1.7.10-10.13.4.1614-1.7.10\unpacked\conf\methods.csv
[23:20:55] [main/INFO] [GradleStart/]: Remapping AccessTransformer rules...
[23:20:55] [main/INFO] [LaunchWrapper/]: Calling tweak class cpw.mods.fml.relauncher.CoreModManager$FMLPluginWrapper
[23:20:55] [main/DEBUG] [FML/]: Injecting coremod Psychedelicraft Core {ivorius.psychedelicraftcore.PsychedelicraftLoadingPlugin} class transformers
[23:20:55] [main/TRACE] [FML/]: Registering transformer ivorius.psychedelicraftcore.PsychedelicraftClassTransformer
[23:20:55] [main/DEBUG] [FML/]: Injection complete
[23:20:55] [main/DEBUG] [FML/]: Running coremod plugin for Psychedelicraft Core {ivorius.psychedelicraftcore.PsychedelicraftLoadingPlugin}
[23:20:55] [main/DEBUG] [FML/]: Running coremod plugin Psychedelicraft Core
[23:20:55] [main/DEBUG] [FML/]: Coremod plugin class PsychedelicraftLoadingPlugin run successfully
[23:20:55] [main/INFO] [LaunchWrapper/]: Loading tweak class name cpw.mods.fml.common.launcher.TerminalTweaker
[23:20:55] [main/INFO] [LaunchWrapper/]: Calling tweak class cpw.mods.fml.common.launcher.TerminalTweaker
[23:20:55] [main/INFO] [LaunchWrapper/]: Launching wrapped minecraft {net.minecraft.client.main.Main}
[23:20:56] [main/DEBUG] [CCL ASM/]: Inserted super call into [net/minecraft/client/renderer/InventoryEffectRenderer.updateScreen()V]
[23:20:56] [main/DEBUG] [CCL ASM/]: Writing method [net/minecraft/client/gui/inventory/GuiContainer.setWorldAndResolution(Lnet/minecraft/client/Minecraft;II)V]
[23:20:56] [main/DEBUG] [CCL ASM/]: Writing method [net/minecraft/client/gui/inventory/GuiContainer.handleKeyboardInput()V]
[23:20:56] [main/DEBUG] [CCL ASM/]: Writing method [net/minecraft/client/gui/inventory/GuiContainer.handleKeyboardInput()V]
[23:20:56] [main/DEBUG] [CCL ASM/]: Writing method [net/minecraft/client/gui/inventory/GuiContainer.handleKeyboardInput()V]
[23:20:56] [main/DEBUG] [CCL ASM/]: Writing method [net/minecraft/client/gui/inventory/GuiContainer.handleMouseInput()V]
[23:20:56] [main/DEBUG] [CCL ASM/]: Writing method [net/minecraft/client/gui/inventory/GuiContainer.public_func_73869_a(CI)V]
[23:20:56] [main/DEBUG] [CCL ASM/]: Writing method [net/minecraft/client/gui/inventory/GuiContainer.public_func_146984_a(Lnet/minecraft/inventory/Slot;III)V]
[23:20:56] [main/DEBUG] [CCL ASM/]: Injecting before method [net/minecraft/client/gui/inventory/GuiContainer.drawScreen(IIF)V]
[23:20:56] [main/DEBUG] [CCL ASM/]: Injecting after method [net/minecraft/client/gui/inventory/GuiContainer.drawScreen(IIF)V] @ 138 - 140
[23:20:56] [main/DEBUG] [CCL ASM/]: Injecting after method [net/minecraft/client/gui/inventory/GuiContainer.drawScreen(IIF)V] @ 220 - 225
[23:20:56] [main/DEBUG] [CCL ASM/]: Replacing method [net/minecraft/client/gui/inventory/GuiContainer.drawScreen(IIF)V] @ 444 - 470
[23:20:56] [main/DEBUG] [CCL ASM/]: Replacing method [net/minecraft/client/gui/inventory/GuiContainer.drawItemStack(Lnet/minecraft/item/ItemStack;IILjava/lang/String;)V] @ 9 - 10
[23:20:56] [main/DEBUG] [CCL ASM/]: Replacing method [net/minecraft/client/gui/inventory/GuiContainer.drawItemStack(Lnet/minecraft/item/ItemStack;IILjava/lang/String;)V] @ 14 - 15
[23:20:56] [main/DEBUG] [CCL ASM/]: Replacing method [net/minecraft/client/gui/inventory/GuiContainer.func_146977_a(Lnet/minecraft/inventory/Slot;)V] @ 298 - 323
[23:20:56] [main/DEBUG] [CCL ASM/]: Injecting before method [net/minecraft/client/gui/inventory/GuiContainer.mouseClicked(III)V]
[23:20:56] [main/DEBUG] [CCL ASM/]: Replacing method [net/minecraft/client/gui/inventory/GuiContainer.mouseClicked(III)V] @ 259 - 260
[23:20:56] [main/DEBUG] [CCL ASM/]: Replacing method [net/minecraft/client/gui/inventory/GuiContainer.mouseClicked(III)V] @ 331 - 332
[23:20:56] [main/DEBUG] [CCL ASM/]: Replacing method [net/minecraft/client/gui/inventory/GuiContainer.mouseClickMove(IIIJ)V] @ 98 - 99
[23:20:56] [main/DEBUG] [CCL ASM/]: Replacing method [net/minecraft/client/gui/inventory/GuiContainer.mouseClickMove(IIIJ)V] @ 107 - 108
[23:20:56] [main/DEBUG] [CCL ASM/]: Replacing method [net/minecraft/client/gui/inventory/GuiContainer.mouseClickMove(IIIJ)V] @ 118 - 119
[23:20:56] [main/DEBUG] [CCL ASM/]: Replacing method [net/minecraft/client/gui/inventory/GuiContainer.mouseMovedOrUp(III)V] @ 158 - 159
[23:20:56] [main/DEBUG] [CCL ASM/]: Replacing method [net/minecraft/client/gui/inventory/GuiContainer.mouseMovedOrUp(III)V] @ 168 - 169
[23:20:56] [main/DEBUG] [CCL ASM/]: Replacing method [net/minecraft/client/gui/inventory/GuiContainer.mouseMovedOrUp(III)V] @ 287 - 288
[23:20:56] [main/DEBUG] [CCL ASM/]: Replacing method [net/minecraft/client/gui/inventory/GuiContainer.mouseMovedOrUp(III)V] @ 295 - 296
[23:20:56] [main/DEBUG] [CCL ASM/]: Replacing method [net/minecraft/client/gui/inventory/GuiContainer.mouseMovedOrUp(III)V] @ 314 - 315
[23:20:56] [main/DEBUG] [CCL ASM/]: Replacing method [net/minecraft/client/gui/inventory/GuiContainer.mouseMovedOrUp(III)V] @ 424 - 425
[23:20:56] [main/DEBUG] [CCL ASM/]: Replacing method [net/minecraft/client/gui/inventory/GuiContainer.mouseMovedOrUp(III)V] @ 454 - 455
[23:20:56] [main/DEBUG] [CCL ASM/]: Replacing method [net/minecraft/client/gui/inventory/GuiContainer.mouseMovedOrUp(III)V] @ 468 - 469
[23:20:56] [main/DEBUG] [CCL ASM/]: Replacing method [net/minecraft/client/gui/inventory/GuiContainer.mouseMovedOrUp(III)V] @ 497 - 498
[23:20:56] [main/DEBUG] [CCL ASM/]: Replacing method [net/minecraft/client/gui/inventory/GuiContainer.mouseMovedOrUp(III)V] @ 557 - 559
[23:20:56] [main/DEBUG] [CCL ASM/]: Replacing method [net/minecraft/client/gui/inventory/GuiContainer.keyTyped(CI)V] @ 54 - 55
[23:20:56] [main/DEBUG] [CCL ASM/]: Replacing method [net/minecraft/client/gui/inventory/GuiContainer.keyTyped(CI)V] @ 84 - 85
[23:20:56] [main/DEBUG] [CCL ASM/]: Replacing method [net/minecraft/client/gui/inventory/GuiContainer.checkHotbarKeys(I)Z] @ 41 - 42
[23:20:56] [main/DEBUG] [CCL ASM/]: Writing method [net/minecraft/client/gui/inventory/GuiContainer.managerHandleMouseClick(Lnet/minecraft/inventory/Slot;III)V]
[23:20:56] [main/DEBUG] [CCL ASM/]: Injecting after method [net/minecraft/client/gui/inventory/GuiContainer.mouseClickMove(IIIJ)V] @ 14 - 15
[23:20:56] [main/DEBUG] [CCL ASM/]: Injecting before method [net/minecraft/client/gui/inventory/GuiContainer.mouseMovedOrUp(III)V]
[23:20:56] [main/DEBUG] [CCL ASM/]: NEI: Injecting mouseUp call
[23:20:56] [main/DEBUG] [CCL ASM/]: Replacing method [net/minecraft/client/gui/inventory/GuiContainer.handleMouseClick(Lnet/minecraft/inventory/Slot;III)V] @ 10 - 26
[23:20:56] [main/DEBUG] [CCL ASM/]: Injecting before method [net/minecraft/client/gui/inventory/GuiContainer.keyTyped(CI)V]
[23:20:56] [main/DEBUG] [CCL ASM/]: Injecting after method [net/minecraft/client/gui/inventory/GuiContainer.updateScreen()V] @ 0 - 4
[23:20:56] [main/DEBUG] [CCL ASM/]: Writing method [net/minecraft/block/Block.canBeReplacedByLeaves(Lnet/minecraft/world/IBlockAccess;III)Z]
[23:20:56] [main/DEBUG] [CCL ASM/]: Writing method [net/minecraft/block/BlockMobSpawner.onBlockPlacedBy(Lnet/minecraft/world/World;IIILnet/minecraft/entity/EntityLivingBase;Lnet/minecraft/item/ItemStack;)V]
[23:20:56] [main/DEBUG] [CCL ASM/]: Injecting before method [net/minecraft/nbt/NBTTagCompound.toString()Ljava/lang/String;] @ 51 - 55
[23:20:57] [main/DEBUG] [CCL ASM/]: Injecting before method [net/minecraft/nbt/NBTTagList.toString()Ljava/lang/String;] @ 56 - 60
[23:20:58] [Client thread/DEBUG] [CCL ASM/]: Replacing method [net/minecraft/client/renderer/entity/RenderItem.renderGlint(IIIII)V] @ 7 - 16
[23:20:58] [Client thread/DEBUG] [FML/]: Bar Finished: Loading Resource - LanguageManager took 0,020s
[23:20:58] [Client thread/INFO] [FML/]: Could not load splash.properties, will create a default one
[23:20:58] [Client thread/INFO] [STDOUT/]: [cpw.mods.fml.client.SplashProgress:start:188]: ---- Minecraft Crash Report ----
// Daisy, daisy...

Time: 15.05.26 23:20
Description: Loading screen debug info

This is just a prompt for computer specs to be printed. THIS IS NOT A ERROR


A detailed walkthrough of the error, its code path and all known details is as follows:
---------------------------------------------------------------------------------------

-- System Details --
Details:
	Minecraft Version: 1.7.10
	Operating System: Windows 10 (amd64) version 10.0
	Java Version: 1.8.0_492, Azul Systems, Inc.
	Java VM Version: OpenJDK 64-Bit Server VM (mixed mode), Azul Systems, Inc.
	Memory: 798920624 bytes (761 MB) / 1297612800 bytes (1237 MB) up to 5726797824 bytes (5461 MB)
	JVM Flags: 2 total; -Xms1G -Xmx6G
	AABB Pool Size: 0 (0 bytes; 0 MB) allocated, 0 (0 bytes; 0 MB) used
	IntCache: cache: 0, tcache: 0, allocated: 0, tallocated: 0
	FML: 
	GL info: ' Vendor: 'NVIDIA Corporation' Version: '4.6.0 NVIDIA 591.86' Renderer: 'NVIDIA GeForce RTX 3060 Laptop GPU/PCIe/SSE2'
[23:20:58] [Client thread/INFO] [MinecraftForge/]: Attempting early MinecraftForge initialization
[23:20:58] [Client thread/INFO] [FML/]: MinecraftForge v10.13.4.1614 Initialized
[23:20:58] [Client thread/DEBUG] [OreDictionaryVisitor/]: Patching getOreID
[23:20:58] [Client thread/TRACE] [OreDictionaryVisitor/]: Adding getOreID MONITERENTER
[23:20:58] [Client thread/TRACE] [OreDictionaryVisitor/]: Adding getOreID MONITEREXIT
[23:20:58] [Client thread/DEBUG] [OreDictionaryVisitor/]: Patching clinit
[23:20:58] [Client thread/TRACE] [OreDictionaryVisitor/]: Adding emptyEntryCreationLock initializer
[23:20:58] [Client thread/DEBUG] [OreDictionaryVisitor/]: Adding emptyEntryCreationLock
[23:20:58] [Client thread/INFO] [FML/]: Replaced 183 ore recipies
[23:20:58] [Client thread/INFO] [MinecraftForge/]: Completed early MinecraftForge initialization
[23:20:58] [Client thread/DEBUG] [FML/]: File C:\Users\MrUser\Desktop\MinecraftDev\Psychedelicraft-Legacy-1.7.10\run\config\injectedDependencies.json not found. No dependencies injected
[23:20:58] [Client thread/DEBUG] [FML/]: Building injected Mod Containers [cpw.mods.fml.common.FMLContainer, net.minecraftforge.common.ForgeModContainer, codechicken.nei.NEIModContainer, codechicken.core.asm.CodeChickenCoreModContainer, ivorius.psychedelicraftcore.PsychedelicraftCoreContainer]
[23:20:58] [Client thread/DEBUG] [FML/]: Attempting to load mods contained in the minecraft jar file and associated classes
[23:20:58] [Client thread/DEBUG] [FML/]: Found a minecraft related file at C:\Users\MrUser\.gradle\caches\modules-2\files-2.1\org.lwjgl.lwjgl\lwjgl\2.9.4-nightly-20150209\697517568c68e78ae0b4544145af031c81082dfe\lwjgl-2.9.4-nightly-20150209.jar, examining for mod candidates
[23:20:58] [Client thread/DEBUG] [FML/]: Found a minecraft related file at C:\Users\MrUser\.gradle\caches\modules-2\files-2.1\org.lwjgl.lwjgl\lwjgl_util\2.9.4-nightly-20150209\d51a7c040a721d13efdfbd34f8b257b2df882ad0\lwjgl_util-2.9.4-nightly-20150209.jar, examining for mod candidates
[23:20:58] [Client thread/DEBUG] [FML/]: Found a minecraft related file at C:\Users\MrUser\.gradle\caches\modules-2\files-2.1\org.lwjgl.lwjgl\lwjgl-platform\2.9.4-nightly-20150209\b84d5102b9dbfabfeb5e43c7e2828d98a7fc80e0\lwjgl-platform-2.9.4-nightly-20150209-natives-windows.jar, examining for mod candidates
[23:20:58] [Client thread/DEBUG] [FML/]: Found a minecraft related file at C:\Users\MrUser\Desktop\MinecraftDev\Psychedelicraft-Legacy-1.7.10\build\rfg\mclauncher-1.7.10.jar, examining for mod candidates
[23:20:58] [Client thread/DEBUG] [FML/]: Found a minecraft related file at C:\Users\MrUser\Desktop\MinecraftDev\Psychedelicraft-Legacy-1.7.10\build\rfg\recompiled_minecraft-1.7.10.jar, examining for mod candidates
[23:20:58] [Client thread/DEBUG] [FML/]: Found a minecraft related file at C:\Users\MrUser\.gradle\caches\modules-2\files-2.1\me.eigenraven.java8unsupported\java-8-unsupported-shim\1.0.0\2d0687782e2d091a6f3cf4709c54368fe6ab47e8\java-8-unsupported-shim-1.0.0.jar, examining for mod candidates
[23:20:58] [Client thread/DEBUG] [FML/]: Found a minecraft related file at C:\Users\MrUser\.gradle\caches\modules-2\files-2.1\net.minecraft\launchwrapper\1.12\111e7bea9c968cdb3d06ef4632bf7ff0824d0f36\launchwrapper-1.12.jar, examining for mod candidates
[23:20:58] [Client thread/DEBUG] [FML/]: Found a minecraft related file at C:\Users\MrUser\.gradle\caches\modules-2\files-2.1\com.mojang\authlib\1.5.21\aefba0d5b53fbcb70860bc8046ab95d5854c07a5\authlib-1.5.21.jar, examining for mod candidates
[23:20:58] [Client thread/DEBUG] [FML/]: Found a minecraft related file at C:\Users\MrUser\.gradle\caches\modules-2\files-2.1\com.google.code.findbugs\jsr305\2.0.1\516c03b21d50a644d538de0f0369c620989cd8f0\jsr305-2.0.1.jar, examining for mod candidates
[23:20:58] [Client thread/DEBUG] [FML/]: Found a minecraft related file at C:\Users\MrUser\.gradle\caches\modules-2\files-2.1\com.typesafe.akka\akka-actor_2.11\2.3.3\ed62e9fc709ca0f2ff1a3220daa8b70a2870078e\akka-actor_2.11-2.3.3.jar, examining for mod candidates
[23:20:58] [Client thread/DEBUG] [FML/]: Found a minecraft related file at C:\Users\MrUser\.gradle\caches\modules-2\files-2.1\com.typesafe\config\1.2.1\f771f71fdae3df231bcd54d5ca2d57f0bf93f467\config-1.2.1.jar, examining for mod candidates
[23:20:58] [Client thread/DEBUG] [FML/]: Found a minecraft related file at C:\Users\MrUser\.gradle\caches\modules-2\files-2.1\org.scala-lang\scala-actors-migration_2.11\1.1.0\dfa8bc42b181d5b9f1a5dd147f8ae308b893eb6f\scala-actors-migration_2.11-1.1.0.jar, examining for mod candidates
[23:20:58] [Client thread/DEBUG] [FML/]: Found a minecraft related file at C:\Users\MrUser\.gradle\caches\modules-2\files-2.1\org.scala-lang\scala-compiler\2.11.5\eb2631e425d240f55ffc060c3262caa4d05d8d1a\scala-compiler-2.11.5.jar, examining for mod candidates
[23:20:58] [Client thread/DEBUG] [FML/]: Found a minecraft related file at C:\Users\MrUser\.gradle\caches\modules-2\files-2.1\org.scala-lang.plugins\scala-continuations-library_2.11\1.0.2\e517c53a7e9acd6b1668c5a35eccbaa3bab9aac\scala-continuations-library_2.11-1.0.2.jar, examining for mod candidates
[23:20:58] [Client thread/DEBUG] [FML/]: Found a minecraft related file at C:\Users\MrUser\.gradle\caches\modules-2\files-2.1\org.scala-lang.plugins\scala-continuations-plugin_2.11.1\1.0.2\f361a3283452c57fa30c1ee69448995de23c60f7\scala-continuations-plugin_2.11.1-1.0.2.jar, examining for mod candidates
[23:20:58] [Client thread/DEBUG] [FML/]: Found a minecraft related file at C:\Users\MrUser\.gradle\caches\modules-2\files-2.1\org.scala-lang\scala-library\2.11.5\a5544bb030c5e6c3d81ad116b7dc5024f047df26\scala-library-2.11.5.jar, examining for mod candidates
[23:20:58] [Client thread/DEBUG] [FML/]: Found a minecraft related file at C:\Users\MrUser\.gradle\caches\modules-2\files-2.1\org.scala-lang\scala-parser-combinators_2.11\1.0.1\f05d7345bf5a58924f2837c6c1f4d73a938e1ff0\scala-parser-combinators_2.11-1.0.1.jar, examining for mod candidates
[23:20:58] [Client thread/DEBUG] [FML/]: Found a minecraft related file at C:\Users\MrUser\.gradle\caches\modules-2\files-2.1\org.scala-lang\scala-reflect\2.11.5\69ce65b0f0767c4e5eafaf789fdde7aab78bd9d\scala-reflect-2.11.5.jar, examining for mod candidates
[23:20:58] [Client thread/DEBUG] [FML/]: Found a minecraft related file at C:\Users\MrUser\.gradle\caches\modules-2\files-2.1\org.scala-lang\scala-swing_2.11\1.0.1\b1cdd92bd47b1e1837139c1c53020e86bb9112ae\scala-swing_2.11-1.0.1.jar, examining for mod candidates
[23:20:58] [Client thread/DEBUG] [FML/]: Found a minecraft related file at C:\Users\MrUser\.gradle\caches\modules-2\files-2.1\org.scala-lang\scala-xml_2.11\1.0.2\7a80ec00aec122fba7cd4e0d4cdd87ff7e4cb6d0\scala-xml_2.11-1.0.2.jar, examining for mod candidates
[23:20:58] [Client thread/DEBUG] [FML/]: Found a minecraft related file at C:\Users\MrUser\.gradle\caches\modules-2\files-2.1\lzma\lzma\0.0.1\521616dc7487b42bef0e803bd2fa3faf668101d7\lzma-0.0.1.jar, examining for mod candidates
[23:20:58] [Client thread/DEBUG] [FML/]: Found a minecraft related file at C:\Users\MrUser\.gradle\caches\modules-2\files-2.1\org.ow2.asm\asm-debug-all\5.0.3\f9e364ae2a66ce2a543012a4668856e84e5dab74\asm-debug-all-5.0.3.jar, examining for mod candidates
[23:20:58] [Client thread/DEBUG] [FML/]: Found a minecraft related file at C:\Users\MrUser\.gradle\caches\modules-2\files-2.1\com.paulscode\codecjorbis\20101023\c73b5636faf089d9f00e8732a829577de25237ee\codecjorbis-20101023.jar, examining for mod candidates
[23:20:58] [Client thread/DEBUG] [FML/]: Found a minecraft related file at C:\Users\MrUser\.gradle\caches\modules-2\files-2.1\com.paulscode\codecwav\20101023\12f031cfe88fef5c1dd36c563c0a3a69bd7261da\codecwav-20101023.jar, examining for mod candidates
[23:20:58] [Client thread/DEBUG] [FML/]: Found a minecraft related file at C:\Users\MrUser\.gradle\caches\modules-2\files-2.1\com.paulscode\libraryjavasound\20101123\5c5e304366f75f9eaa2e8cca546a1fb6109348b3\libraryjavasound-20101123.jar, examining for mod candidates
[23:20:58] [Client thread/DEBUG] [FML/]: Found a minecraft related file at C:\Users\MrUser\.gradle\caches\modules-2\files-2.1\com.paulscode\librarylwjglopenal\20100824\73e80d0794c39665aec3f62eee88ca91676674ef\librarylwjglopenal-20100824.jar, examining for mod candidates
[23:20:58] [Client thread/DEBUG] [FML/]: Found a minecraft related file at C:\Users\MrUser\.gradle\caches\modules-2\files-2.1\com.paulscode\soundsystem\20120107\419c05fe9be71f792b2d76cfc9b67f1ed0fec7f6\soundsystem-20120107.jar, examining for mod candidates
[23:20:58] [Client thread/DEBUG] [FML/]: Found a minecraft related file at C:\Users\MrUser\.gradle\caches\modules-2\files-2.1\com.mojang\netty\1.8.8\a796914d1c8a55b4da9f4a8856dd9623375d8bb\netty-1.8.8.jar, examining for mod candidates
[23:20:58] [Client thread/DEBUG] [FML/]: Found a minecraft related file at C:\Users\MrUser\.gradle\caches\modules-2\files-2.1\com.mojang\realms\1.3.5\807ae355ee63583becd7ea60e76aab1532bb42e\realms-1.3.5.jar, examining for mod candidates
[23:20:58] [Client thread/DEBUG] [FML/]: Found a minecraft related file at C:\Users\MrUser\.gradle\caches\modules-2\files-2.1\org.apache.commons\commons-compress\1.8.1\a698750c16740fd5b3871425f4cb3bbaa87f529d\commons-compress-1.8.1.jar, examining for mod candidates
[23:20:58] [Client thread/DEBUG] [FML/]: Found a minecraft related file at C:\Users\MrUser\.gradle\caches\modules-2\files-2.1\org.apache.httpcomponents\httpclient\4.3.3\18f4247ff4572a074444572cee34647c43e7c9c7\httpclient-4.3.3.jar, examining for mod candidates
[23:20:58] [Client thread/DEBUG] [FML/]: Found a minecraft related file at C:\Users\MrUser\.gradle\caches\modules-2\files-2.1\commons-logging\commons-logging\1.1.3\f6f66e966c70a83ffbdb6f17a0919eaf7c8aca7f\commons-logging-1.1.3.jar, examining for mod candidates
[23:20:58] [Client thread/DEBUG] [FML/]: Found a minecraft related file at C:\Users\MrUser\.gradle\caches\modules-2\files-2.1\org.apache.httpcomponents\httpcore\4.3.2\31fbbff1ddbf98f3aa7377c94d33b0447c646b6e\httpcore-4.3.2.jar, examining for mod candidates
[23:20:58] [Client thread/DEBUG] [FML/]: Found a minecraft related file at C:\Users\MrUser\.gradle\caches\modules-2\files-2.1\java3d\vecmath\1.3.1\a0ae4f51da409fa0c20fa0ca59e6bbc9413ae71d\vecmath-1.3.1.jar, examining for mod candidates
[23:20:58] [Client thread/DEBUG] [FML/]: Found a minecraft related file at C:\Users\MrUser\.gradle\caches\modules-2\files-2.1\net.sf.trove4j\trove4j\3.0.3\42ccaf4761f0dfdfa805c9e340d99a755907e2dd\trove4j-3.0.3.jar, examining for mod candidates
[23:20:58] [Client thread/DEBUG] [FML/]: Found a minecraft related file at C:\Users\MrUser\.gradle\caches\modules-2\files-2.1\com.ibm.icu\icu4j-core-mojang\51.2\63d216a9311cca6be337c1e458e587f99d382b84\icu4j-core-mojang-51.2.jar, examining for mod candidates
[23:20:58] [Client thread/DEBUG] [FML/]: Found a minecraft related file at C:\Users\MrUser\.gradle\caches\modules-2\files-2.1\net.sf.jopt-simple\jopt-simple\4.5\6065cc95c661255349c1d0756657be17c29a4fd3\jopt-simple-4.5.jar, examining for mod candidates
[23:20:58] [Client thread/DEBUG] [FML/]: Found a minecraft related file at C:\Users\MrUser\.gradle\caches\modules-2\files-2.1\io.netty\netty-all\4.0.10.Final\9e50bd52ffe257a0e2cd8d971688d6ce7d174325\netty-all-4.0.10.Final.jar, examining for mod candidates
[23:20:58] [Client thread/DEBUG] [FML/]: Found a minecraft related file at C:\Users\MrUser\.gradle\caches\modules-2\files-2.1\com.google.guava\guava\17.0\9c6ef172e8de35fd8d4d8783e4821e57cdef7445\guava-17.0.jar, examining for mod candidates
[23:20:58] [Client thread/DEBUG] [FML/]: Found a minecraft related file at C:\Users\MrUser\.gradle\caches\modules-2\files-2.1\org.apache.commons\commons-lang3\3.3.2\90a3822c38ec8c996e84c16a3477ef632cbc87a3\commons-lang3-3.3.2.jar, examining for mod candidates
[23:20:58] [Client thread/DEBUG] [FML/]: Found a minecraft related file at C:\Users\MrUser\.gradle\caches\modules-2\files-2.1\commons-io\commons-io\2.4\b1b6ea3b7e4aa4f492509a4952029cd8e48019ad\commons-io-2.4.jar, examining for mod candidates
[23:20:58] [Client thread/DEBUG] [FML/]: Found a minecraft related file at C:\Users\MrUser\.gradle\caches\modules-2\files-2.1\commons-codec\commons-codec\1.9\9ce04e34240f674bc72680f8b843b1457383161a\commons-codec-1.9.jar, examining for mod candidates
[23:20:58] [Client thread/DEBUG] [FML/]: Found a minecraft related file at C:\Users\MrUser\.gradle\caches\modules-2\files-2.1\net.java.jinput\jinput\2.0.5\39c7796b469a600f72380316f6b1f11db6c2c7c4\jinput-2.0.5.jar, examining for mod candidates
[23:20:58] [Client thread/DEBUG] [FML/]: Found a minecraft related file at C:\Users\MrUser\.gradle\caches\modules-2\files-2.1\net.java.jutils\jutils\1.0.0\e12fe1fda814bd348c1579329c86943d2cd3c6a6\jutils-1.0.0.jar, examining for mod candidates
[23:20:58] [Client thread/DEBUG] [FML/]: Found a minecraft related file at C:\Users\MrUser\.gradle\caches\modules-2\files-2.1\com.google.code.gson\gson\2.2.4\a60a5e993c98c864010053cb901b7eab25306568\gson-2.2.4.jar, examining for mod candidates
[23:20:58] [Client thread/DEBUG] [FML/]: Found a minecraft related file at C:\Users\MrUser\.gradle\caches\modules-2\files-2.1\org.apache.logging.log4j\log4j-api\2.0-beta9-fixed\b61eaf2e64d8b0277e188262a8b771bbfa1502b3\log4j-api-2.0-beta9-fixed.jar, examining for mod candidates
[23:20:58] [Client thread/DEBUG] [FML/]: Found a minecraft related file at C:\Users\MrUser\.gradle\caches\modules-2\files-2.1\org.apache.logging.log4j\log4j-core\2.0-beta9-fixed\677991ea2d7426f76309a73739cecf609679492c\log4j-core-2.0-beta9-fixed.jar, examining for mod candidates
[23:20:58] [Client thread/DEBUG] [FML/]: Found a minecraft related file at C:\Users\MrUser\.gradle\caches\modules-2\files-2.1\net.java.jinput\jinput-platform\2.0.5\385ee093e01f587f30ee1c8a2ee7d408fd732e16\jinput-platform-2.0.5-natives-windows.jar, examining for mod candidates
[23:20:58] [Client thread/DEBUG] [FML/]: Found a minecraft related file at C:\Users\MrUser\.gradle\caches\modules-2\files-2.1\net.java.jinput\jinput-platform\2.0.5\7ff832a6eb9ab6a767f1ade2b548092d0fa64795\jinput-platform-2.0.5-natives-linux.jar, examining for mod candidates
[23:20:58] [Client thread/DEBUG] [FML/]: Found a minecraft related file at C:\Users\MrUser\.gradle\caches\modules-2\files-2.1\net.java.jinput\jinput-platform\2.0.5\53f9c919f34d2ca9de8c51fc4e1e8282029a9232\jinput-platform-2.0.5-natives-osx.jar, examining for mod candidates
[23:20:58] [Client thread/DEBUG] [FML/]: Found a minecraft related file at C:\Users\MrUser\.gradle\caches\modules-2\files-2.1\tv.twitch\twitch\5.16\1f55f009c61637c10c0acfb8b5ffc600f30044b4\twitch-5.16.jar, examining for mod candidates
[23:20:58] [Client thread/DEBUG] [FML/]: Found a minecraft related file at C:\Users\MrUser\.gradle\caches\modules-2\files-2.1\tv.twitch\twitch-platform\5.16\39d0c3d363735b4785598e0e7fbf8297c706a9f9\twitch-platform-5.16-natives-windows-64.jar, examining for mod candidates
[23:20:58] [Client thread/DEBUG] [FML/]: Found a minecraft related file at C:\Users\MrUser\.gradle\caches\modules-2\files-2.1\tv.twitch\twitch-platform\5.16\7c6affe439099806a4f552da14c42f9d643d8b23\twitch-platform-5.16-natives-windows-32.jar, examining for mod candidates
[23:20:58] [Client thread/DEBUG] [FML/]: Found a minecraft related file at C:\Users\MrUser\.gradle\caches\modules-2\files-2.1\tv.twitch\twitch-platform\5.16\62503ee712766cf77f97252e5902786fd834b8c5\twitch-platform-5.16-natives-osx.jar, examining for mod candidates
[23:20:58] [Client thread/DEBUG] [FML/]: Found a minecraft related file at C:\Users\MrUser\.gradle\caches\modules-2\files-2.1\tv.twitch\twitch-external-platform\4.5\c3cde57891b935d41b6680a9c5e1502eeab76d86\twitch-external-platform-4.5-natives-windows-64.jar, examining for mod candidates
[23:20:58] [Client thread/DEBUG] [FML/]: Found a minecraft related file at C:\Users\MrUser\.gradle\caches\modules-2\files-2.1\tv.twitch\twitch-external-platform\4.5\18215140f010c05b9f86ef6f0f8871954d2ccebf\twitch-external-platform-4.5-natives-windows-32.jar, examining for mod candidates
[23:20:58] [Client thread/DEBUG] [FML/]: Found a minecraft related file at C:\Users\MrUser\Desktop\MinecraftDev\Psychedelicraft-Legacy-1.7.10\build\libs\Psychedelicraft-1.5.4-dev.jar, examining for mod candidates
[23:20:58] [Client thread/DEBUG] [FML/]: Found a minecraft related file at C:\Users\MrUser\.gradle\caches\modules-2\files-2.1\com.github.quentin452\IvToolkit\V1.2.2\df62c8bf06af4dfb661c0bc86e58e991585102a1\IvToolkit-V1.2.2.jar, examining for mod candidates
[23:20:58] [Client thread/DEBUG] [FML/]: Found a minecraft related file at C:\Users\MrUser\.gradle\caches\modules-2\files-2.1\org.eclipse.jgit\org.eclipse.jgit\6.8.0.202311291450-r\a665a8ad3a3fbeaee292d5927d204ffe8f6aa23d\org.eclipse.jgit-6.8.0.202311291450-r.jar, examining for mod candidates
[23:20:58] [Client thread/DEBUG] [FML/]: Found a minecraft related file at C:\Users\MrUser\.gradle\caches\modules-2\files-2.1\com.github.GTNewHorizons\NotEnoughItems\2.7.4-GTNH\86b7c28a7e2a357ec04763ce60cfc4f3b85135db\NotEnoughItems-2.7.4-GTNH-dev.jar, examining for mod candidates
[23:20:58] [Client thread/DEBUG] [FML/]: Found a minecraft related file at C:\Users\MrUser\.gradle\caches\modules-2\files-2.1\commons-codec\commons-codec\1.16.0\4e3eb3d79888d76b54e28b350915b5dc3919c9de\commons-codec-1.16.0.jar, examining for mod candidates
[23:20:58] [Client thread/DEBUG] [FML/]: Found a minecraft related file at C:\Users\MrUser\.gradle\caches\modules-2\files-2.1\com.googlecode.javaewah\JavaEWAH\1.2.3\13a27c856e0c8808cee9a64032c58eee11c3adc9\JavaEWAH-1.2.3.jar, examining for mod candidates
[23:20:58] [Client thread/DEBUG] [FML/]: Found a minecraft related file at C:\Users\MrUser\.gradle\caches\modules-2\files-2.1\org.slf4j\slf4j-api\1.7.36\6c62681a2f655b49963a5983b8b0950a6120ae14\slf4j-api-1.7.36.jar, examining for mod candidates
[23:20:58] [Client thread/DEBUG] [FML/]: Found a minecraft related file at C:\Users\MrUser\.gradle\caches\modules-2\files-2.1\com.github.GTNewHorizons\CodeChickenCore\1.4.0\a680e0f45e839e1b3c27e5b4ae99da860a5cfb0e\CodeChickenCore-1.4.0-dev.jar, examining for mod candidates
[23:20:58] [Client thread/DEBUG] [FML/]: Minecraft jar mods loaded successfully
[23:20:58] [Client thread/INFO] [FML/]: Found 0 mods from the command line. Injecting into mod discoverer
[23:20:58] [Client thread/INFO] [FML/]: Searching C:\Users\MrUser\Desktop\MinecraftDev\Psychedelicraft-Legacy-1.7.10\run\mods for mods
[23:20:58] [Client thread/DEBUG] [FML/]: Examining file lwjgl-2.9.4-nightly-20150209.jar for potential mods
[23:20:58] [Client thread/DEBUG] [FML/]: The mod container lwjgl-2.9.4-nightly-20150209.jar appears to be missing an mcmod.info file
[23:20:58] [Client thread/DEBUG] [FML/]: Examining file lwjgl_util-2.9.4-nightly-20150209.jar for potential mods
[23:20:58] [Client thread/DEBUG] [FML/]: The mod container lwjgl_util-2.9.4-nightly-20150209.jar appears to be missing an mcmod.info file
[23:20:58] [Client thread/DEBUG] [FML/]: Examining file lwjgl-platform-2.9.4-nightly-20150209-natives-windows.jar for potential mods
[23:20:58] [Client thread/DEBUG] [FML/]: The mod container lwjgl-platform-2.9.4-nightly-20150209-natives-windows.jar appears to be missing an mcmod.info file
[23:20:58] [Client thread/DEBUG] [FML/]: Examining file mclauncher-1.7.10.jar for potential mods
[23:20:58] [Client thread/DEBUG] [FML/]: The mod container mclauncher-1.7.10.jar appears to be missing an mcmod.info file
[23:20:58] [Client thread/DEBUG] [FML/]: Examining file recompiled_minecraft-1.7.10.jar for potential mods
[23:20:58] [Client thread/DEBUG] [FML/]: The mod container recompiled_minecraft-1.7.10.jar appears to be missing an mcmod.info file
[23:20:59] [Client thread/DEBUG] [FML/]: Examining file java-8-unsupported-shim-1.0.0.jar for potential mods
[23:20:59] [Client thread/DEBUG] [FML/]: The mod container java-8-unsupported-shim-1.0.0.jar appears to be missing an mcmod.info file
[23:20:59] [Client thread/DEBUG] [FML/]: Examining file launchwrapper-1.12.jar for potential mods
[23:20:59] [Client thread/DEBUG] [FML/]: The mod container launchwrapper-1.12.jar appears to be missing an mcmod.info file
[23:20:59] [Client thread/DEBUG] [FML/]: Examining file authlib-1.5.21.jar for potential mods
[23:20:59] [Client thread/DEBUG] [FML/]: The mod container authlib-1.5.21.jar appears to be missing an mcmod.info file
[23:20:59] [Client thread/DEBUG] [FML/]: Examining file jsr305-2.0.1.jar for potential mods
[23:20:59] [Client thread/DEBUG] [FML/]: The mod container jsr305-2.0.1.jar appears to be missing an mcmod.info file
[23:20:59] [Client thread/DEBUG] [FML/]: Examining file akka-actor_2.11-2.3.3.jar for potential mods
[23:20:59] [Client thread/DEBUG] [FML/]: The mod container akka-actor_2.11-2.3.3.jar appears to be missing an mcmod.info file
[23:20:59] [Client thread/DEBUG] [FML/]: Examining file config-1.2.1.jar for potential mods
[23:20:59] [Client thread/DEBUG] [FML/]: The mod container config-1.2.1.jar appears to be missing an mcmod.info file
[23:20:59] [Client thread/DEBUG] [FML/]: Examining file scala-actors-migration_2.11-1.1.0.jar for potential mods
[23:20:59] [Client thread/DEBUG] [FML/]: The mod container scala-actors-migration_2.11-1.1.0.jar appears to be missing an mcmod.info file
[23:20:59] [Client thread/DEBUG] [FML/]: Examining file scala-compiler-2.11.5.jar for potential mods
[23:20:59] [Client thread/DEBUG] [FML/]: The mod container scala-compiler-2.11.5.jar appears to be missing an mcmod.info file
[23:21:00] [Client thread/DEBUG] [FML/]: Examining file scala-continuations-library_2.11-1.0.2.jar for potential mods
[23:21:00] [Client thread/DEBUG] [FML/]: The mod container scala-continuations-library_2.11-1.0.2.jar appears to be missing an mcmod.info file
[23:21:00] [Client thread/DEBUG] [FML/]: Examining file scala-continuations-plugin_2.11.1-1.0.2.jar for potential mods
[23:21:00] [Client thread/DEBUG] [FML/]: The mod container scala-continuations-plugin_2.11.1-1.0.2.jar appears to be missing an mcmod.info file
[23:21:00] [Client thread/DEBUG] [FML/]: Examining file scala-library-2.11.5.jar for potential mods
[23:21:00] [Client thread/DEBUG] [FML/]: The mod container scala-library-2.11.5.jar appears to be missing an mcmod.info file
[23:21:00] [Client thread/DEBUG] [FML/]: Examining file scala-parser-combinators_2.11-1.0.1.jar for potential mods
[23:21:00] [Client thread/DEBUG] [FML/]: The mod container scala-parser-combinators_2.11-1.0.1.jar appears to be missing an mcmod.info file
[23:21:00] [Client thread/DEBUG] [FML/]: Examining file scala-reflect-2.11.5.jar for potential mods
[23:21:00] [Client thread/DEBUG] [FML/]: The mod container scala-reflect-2.11.5.jar appears to be missing an mcmod.info file
[23:21:01] [Client thread/DEBUG] [FML/]: Examining file scala-swing_2.11-1.0.1.jar for potential mods
[23:21:01] [Client thread/DEBUG] [FML/]: The mod container scala-swing_2.11-1.0.1.jar appears to be missing an mcmod.info file
[23:21:01] [Client thread/DEBUG] [FML/]: Examining file scala-xml_2.11-1.0.2.jar for potential mods
[23:21:01] [Client thread/DEBUG] [FML/]: The mod container scala-xml_2.11-1.0.2.jar appears to be missing an mcmod.info file
[23:21:01] [Client thread/DEBUG] [FML/]: Examining file lzma-0.0.1.jar for potential mods
[23:21:01] [Client thread/DEBUG] [FML/]: The mod container lzma-0.0.1.jar appears to be missing an mcmod.info file
[23:21:01] [Client thread/DEBUG] [FML/]: Examining file asm-debug-all-5.0.3.jar for potential mods
[23:21:01] [Client thread/DEBUG] [FML/]: The mod container asm-debug-all-5.0.3.jar appears to be missing an mcmod.info file
[23:21:01] [Client thread/DEBUG] [FML/]: Examining file codecjorbis-20101023.jar for potential mods
[23:21:01] [Client thread/DEBUG] [FML/]: The mod container codecjorbis-20101023.jar appears to be missing an mcmod.info file
[23:21:01] [Client thread/DEBUG] [FML/]: Examining file codecwav-20101023.jar for potential mods
[23:21:01] [Client thread/DEBUG] [FML/]: The mod container codecwav-20101023.jar appears to be missing an mcmod.info file
[23:21:01] [Client thread/DEBUG] [FML/]: Examining file libraryjavasound-20101123.jar for potential mods
[23:21:01] [Client thread/DEBUG] [FML/]: The mod container libraryjavasound-20101123.jar appears to be missing an mcmod.info file
[23:21:01] [Client thread/DEBUG] [FML/]: Examining file librarylwjglopenal-20100824.jar for potential mods
[23:21:01] [Client thread/DEBUG] [FML/]: The mod container librarylwjglopenal-20100824.jar appears to be missing an mcmod.info file
[23:21:01] [Client thread/DEBUG] [FML/]: Examining file soundsystem-20120107.jar for potential mods
[23:21:01] [Client thread/DEBUG] [FML/]: The mod container soundsystem-20120107.jar appears to be missing an mcmod.info file
[23:21:01] [Client thread/DEBUG] [FML/]: Examining file netty-1.8.8.jar for potential mods
[23:21:01] [Client thread/DEBUG] [FML/]: The mod container netty-1.8.8.jar appears to be missing an mcmod.info file
[23:21:01] [Client thread/DEBUG] [FML/]: Examining file realms-1.3.5.jar for potential mods
[23:21:01] [Client thread/DEBUG] [FML/]: The mod container realms-1.3.5.jar appears to be missing an mcmod.info file
[23:21:01] [Client thread/DEBUG] [FML/]: Examining file commons-compress-1.8.1.jar for potential mods
[23:21:01] [Client thread/DEBUG] [FML/]: The mod container commons-compress-1.8.1.jar appears to be missing an mcmod.info file
[23:21:01] [Client thread/DEBUG] [FML/]: Examining file httpclient-4.3.3.jar for potential mods
[23:21:01] [Client thread/DEBUG] [FML/]: The mod container httpclient-4.3.3.jar appears to be missing an mcmod.info file
[23:21:01] [Client thread/DEBUG] [FML/]: Examining file commons-logging-1.1.3.jar for potential mods
[23:21:01] [Client thread/DEBUG] [FML/]: The mod container commons-logging-1.1.3.jar appears to be missing an mcmod.info file
[23:21:01] [Client thread/DEBUG] [FML/]: Examining file httpcore-4.3.2.jar for potential mods
[23:21:01] [Client thread/DEBUG] [FML/]: The mod container httpcore-4.3.2.jar appears to be missing an mcmod.info file
[23:21:01] [Client thread/DEBUG] [FML/]: Examining file vecmath-1.3.1.jar for potential mods
[23:21:01] [Client thread/DEBUG] [FML/]: The mod container vecmath-1.3.1.jar appears to be missing an mcmod.info file
[23:21:01] [Client thread/DEBUG] [FML/]: Examining file trove4j-3.0.3.jar for potential mods
[23:21:01] [Client thread/DEBUG] [FML/]: The mod container trove4j-3.0.3.jar appears to be missing an mcmod.info file
[23:21:01] [Client thread/DEBUG] [FML/]: Examining file icu4j-core-mojang-51.2.jar for potential mods
[23:21:01] [Client thread/DEBUG] [FML/]: The mod container icu4j-core-mojang-51.2.jar appears to be missing an mcmod.info file
[23:21:01] [Client thread/DEBUG] [FML/]: Examining file jopt-simple-4.5.jar for potential mods
[23:21:01] [Client thread/DEBUG] [FML/]: The mod container jopt-simple-4.5.jar appears to be missing an mcmod.info file
[23:21:01] [Client thread/DEBUG] [FML/]: Examining file netty-all-4.0.10.Final.jar for potential mods
[23:21:01] [Client thread/DEBUG] [FML/]: The mod container netty-all-4.0.10.Final.jar appears to be missing an mcmod.info file
[23:21:01] [Client thread/DEBUG] [FML/]: Examining file guava-17.0.jar for potential mods
[23:21:01] [Client thread/DEBUG] [FML/]: The mod container guava-17.0.jar appears to be missing an mcmod.info file
[23:21:01] [Client thread/DEBUG] [FML/]: Examining file commons-lang3-3.3.2.jar for potential mods
[23:21:01] [Client thread/DEBUG] [FML/]: The mod container commons-lang3-3.3.2.jar appears to be missing an mcmod.info file
[23:21:01] [Client thread/DEBUG] [FML/]: Examining file commons-io-2.4.jar for potential mods
[23:21:01] [Client thread/DEBUG] [FML/]: The mod container commons-io-2.4.jar appears to be missing an mcmod.info file
[23:21:01] [Client thread/DEBUG] [FML/]: Examining file commons-codec-1.9.jar for potential mods
[23:21:01] [Client thread/DEBUG] [FML/]: The mod container commons-codec-1.9.jar appears to be missing an mcmod.info file
[23:21:01] [Client thread/DEBUG] [FML/]: Examining file jinput-2.0.5.jar for potential mods
[23:21:01] [Client thread/DEBUG] [FML/]: The mod container jinput-2.0.5.jar appears to be missing an mcmod.info file
[23:21:01] [Client thread/DEBUG] [FML/]: Examining file jutils-1.0.0.jar for potential mods
[23:21:01] [Client thread/DEBUG] [FML/]: The mod container jutils-1.0.0.jar appears to be missing an mcmod.info file
[23:21:01] [Client thread/DEBUG] [FML/]: Examining file gson-2.2.4.jar for potential mods
[23:21:01] [Client thread/DEBUG] [FML/]: The mod container gson-2.2.4.jar appears to be missing an mcmod.info file
[23:21:01] [Client thread/DEBUG] [FML/]: Examining file log4j-api-2.0-beta9-fixed.jar for potential mods
[23:21:01] [Client thread/DEBUG] [FML/]: The mod container log4j-api-2.0-beta9-fixed.jar appears to be missing an mcmod.info file
[23:21:01] [Client thread/DEBUG] [FML/]: Examining file log4j-core-2.0-beta9-fixed.jar for potential mods
[23:21:01] [Client thread/DEBUG] [FML/]: The mod container log4j-core-2.0-beta9-fixed.jar appears to be missing an mcmod.info file
[23:21:01] [Client thread/DEBUG] [FML/]: Examining file jinput-platform-2.0.5-natives-windows.jar for potential mods
[23:21:01] [Client thread/DEBUG] [FML/]: The mod container jinput-platform-2.0.5-natives-windows.jar appears to be missing an mcmod.info file
[23:21:01] [Client thread/DEBUG] [FML/]: Examining file jinput-platform-2.0.5-natives-linux.jar for potential mods
[23:21:01] [Client thread/DEBUG] [FML/]: The mod container jinput-platform-2.0.5-natives-linux.jar appears to be missing an mcmod.info file
[23:21:01] [Client thread/DEBUG] [FML/]: Examining file jinput-platform-2.0.5-natives-osx.jar for potential mods
[23:21:01] [Client thread/DEBUG] [FML/]: The mod container jinput-platform-2.0.5-natives-osx.jar appears to be missing an mcmod.info file
[23:21:01] [Client thread/DEBUG] [FML/]: Examining file twitch-5.16.jar for potential mods
[23:21:01] [Client thread/DEBUG] [FML/]: The mod container twitch-5.16.jar appears to be missing an mcmod.info file
[23:21:01] [Client thread/DEBUG] [FML/]: Examining file twitch-platform-5.16-natives-windows-64.jar for potential mods
[23:21:01] [Client thread/DEBUG] [FML/]: The mod container twitch-platform-5.16-natives-windows-64.jar appears to be missing an mcmod.info file
[23:21:01] [Client thread/DEBUG] [FML/]: Examining file twitch-platform-5.16-natives-windows-32.jar for potential mods
[23:21:01] [Client thread/DEBUG] [FML/]: The mod container twitch-platform-5.16-natives-windows-32.jar appears to be missing an mcmod.info file
[23:21:01] [Client thread/DEBUG] [FML/]: Examining file twitch-platform-5.16-natives-osx.jar for potential mods
[23:21:01] [Client thread/DEBUG] [FML/]: The mod container twitch-platform-5.16-natives-osx.jar appears to be missing an mcmod.info file
[23:21:01] [Client thread/DEBUG] [FML/]: Examining file twitch-external-platform-4.5-natives-windows-64.jar for potential mods
[23:21:01] [Client thread/DEBUG] [FML/]: The mod container twitch-external-platform-4.5-natives-windows-64.jar appears to be missing an mcmod.info file
[23:21:01] [Client thread/DEBUG] [FML/]: Examining file twitch-external-platform-4.5-natives-windows-32.jar for potential mods
[23:21:01] [Client thread/DEBUG] [FML/]: The mod container twitch-external-platform-4.5-natives-windows-32.jar appears to be missing an mcmod.info file
[23:21:01] [Client thread/DEBUG] [FML/]: Examining file Psychedelicraft-1.5.4-dev.jar for potential mods
[23:21:01] [Client thread/TRACE] [FML/]: Located mcmod.info file in file Psychedelicraft-1.5.4-dev.jar
[23:21:01] [Client thread/DEBUG] [FML/]: Identified a mod of type Lcpw/mods/fml/common/Mod; (ivorius.psychedelicraft.Psychedelicraft) - loading
[23:21:01] [Client thread/TRACE] [psychedelicraft/]: Parsed dependency info : [] [] []
[23:21:01] [Client thread/DEBUG] [FML/]: Examining file IvToolkit-V1.2.2.jar for potential mods
[23:21:01] [Client thread/TRACE] [FML/]: Located mcmod.info file in file IvToolkit-V1.2.2.jar
[23:21:01] [Client thread/DEBUG] [FML/]: Identified a mod of type Lcpw/mods/fml/common/Mod; (ivorius.ivtoolkit.IvToolkit) - loading
[23:21:01] [Client thread/TRACE] [ivtoolkit/]: Parsed dependency info : [] [] []
[23:21:01] [Client thread/DEBUG] [FML/]: Examining file org.eclipse.jgit-6.8.0.202311291450-r.jar for potential mods
[23:21:01] [Client thread/DEBUG] [FML/]: The mod container org.eclipse.jgit-6.8.0.202311291450-r.jar appears to be missing an mcmod.info file
[23:21:01] [Client thread/ERROR] [FML/]: Unable to read a class file correctly
java.lang.IllegalArgumentException
	at org.objectweb.asm.ClassReader.<init>(ClassReader.java:170) ~[asm-debug-all-5.0.3.jar:5.0.3]
	at org.objectweb.asm.ClassReader.<init>(ClassReader.java:153) ~[asm-debug-all-5.0.3.jar:5.0.3]
	at org.objectweb.asm.ClassReader.<init>(ClassReader.java:424) ~[asm-debug-all-5.0.3.jar:5.0.3]
	at cpw.mods.fml.common.discovery.asm.ASMModParser.<init>(ASMModParser.java:52) [ASMModParser.class:?]
	at cpw.mods.fml.common.discovery.JarDiscoverer.discover(JarDiscoverer.java:72) [JarDiscoverer.class:?]
	at cpw.mods.fml.common.discovery.ContainerType.findMods(ContainerType.java:42) [ContainerType.class:?]
	at cpw.mods.fml.common.discovery.ModCandidate.explore(ModCandidate.java:71) [ModCandidate.class:?]
	at cpw.mods.fml.common.discovery.ModDiscoverer.identifyMods(ModDiscoverer.java:131) [ModDiscoverer.class:?]
	at cpw.mods.fml.common.Loader.identifyMods(Loader.java:364) [Loader.class:?]
	at cpw.mods.fml.common.Loader.loadMods(Loader.java:489) [Loader.class:?]
	at cpw.mods.fml.client.FMLClientHandler.beginMinecraftLoading(FMLClientHandler.java:208) [FMLClientHandler.class:?]
	at net.minecraft.client.Minecraft.startGame(Minecraft.java:522) [Minecraft.class:?]
	at net.minecraft.client.Minecraft.run(Minecraft.java:942) [Minecraft.class:?]
	at net.minecraft.client.main.Main.main(Main.java:164) [Main.class:?]
	at sun.reflect.NativeMethodAccessorImpl.invoke0(Native Method) ~[?:1.8.0_492]
	at sun.reflect.NativeMethodAccessorImpl.invoke(NativeMethodAccessorImpl.java:62) ~[?:1.8.0_492]
	at sun.reflect.DelegatingMethodAccessorImpl.invoke(DelegatingMethodAccessorImpl.java:43) ~[?:1.8.0_492]
	at java.lang.reflect.Method.invoke(Method.java:498) ~[?:1.8.0_492]
	at net.minecraft.launchwrapper.Launch.launch(Launch.java:135) [launchwrapper-1.12.jar:?]
	at net.minecraft.launchwrapper.Launch.main(Launch.java:28) [launchwrapper-1.12.jar:?]
	at net.minecraftforge.gradle.GradleStartCommon.launch(GradleStartCommon.java:97) [mclauncher-1.7.10.jar:?]
	at GradleStart.main(GradleStart.java:40) [mclauncher-1.7.10.jar:?]
[23:21:01] [Client thread/ERROR] [FML/]: There was a problem reading the entry org/eclipse/jgit/annotations/NonNull.class in the jar C:\Users\MrUser\.gradle\caches\modules-2\files-2.1\org.eclipse.jgit\org.eclipse.jgit\6.8.0.202311291450-r\a665a8ad3a3fbeaee292d5927d204ffe8f6aa23d\org.eclipse.jgit-6.8.0.202311291450-r.jar - probably a corrupt zip
cpw.mods.fml.common.LoaderException: java.lang.IllegalArgumentException

	at cpw.mods.fml.common.discovery.asm.ASMModParser.<init>(ASMModParser.java:58) ~[ASMModParser.class:?]
	at cpw.mods.fml.common.discovery.JarDiscoverer.discover(JarDiscoverer.java:72) [JarDiscoverer.class:?]
	at cpw.mods.fml.common.discovery.ContainerType.findMods(ContainerType.java:42) [ContainerType.class:?]
	at cpw.mods.fml.common.discovery.ModCandidate.explore(ModCandidate.java:71) [ModCandidate.class:?]
	at cpw.mods.fml.common.discovery.ModDiscoverer.identifyMods(ModDiscoverer.java:131) [ModDiscoverer.class:?]
	at cpw.mods.fml.common.Loader.identifyMods(Loader.java:364) [Loader.class:?]
	at cpw.mods.fml.common.Loader.loadMods(Loader.java:489) [Loader.class:?]
	at cpw.mods.fml.client.FMLClientHandler.beginMinecraftLoading(FMLClientHandler.java:208) [FMLClientHandler.class:?]
	at net.minecraft.client.Minecraft.startGame(Minecraft.java:522) [Minecraft.class:?]
	at net.minecraft.client.Minecraft.run(Minecraft.java:942) [Minecraft.class:?]
	at net.minecraft.client.main.Main.main(Main.java:164) [Main.class:?]
	at sun.reflect.NativeMethodAccessorImpl.invoke0(Native Method) ~[?:1.8.0_492]
	at sun.reflect.NativeMethodAccessorImpl.invoke(NativeMethodAccessorImpl.java:62) ~[?:1.8.0_492]
	at sun.reflect.DelegatingMethodAccessorImpl.invoke(DelegatingMethodAccessorImpl.java:43) ~[?:1.8.0_492]
	at java.lang.reflect.Method.invoke(Method.java:498) ~[?:1.8.0_492]
	at net.minecraft.launchwrapper.Launch.launch(Launch.java:135) [launchwrapper-1.12.jar:?]
	at net.minecraft.launchwrapper.Launch.main(Launch.java:28) [launchwrapper-1.12.jar:?]
	at net.minecraftforge.gradle.GradleStartCommon.launch(GradleStartCommon.java:97) [mclauncher-1.7.10.jar:?]
	at GradleStart.main(GradleStart.java:40) [mclauncher-1.7.10.jar:?]
Caused by: java.lang.IllegalArgumentException
	at org.objectweb.asm.ClassReader.<init>(ClassReader.java:170) ~[asm-debug-all-5.0.3.jar:5.0.3]
	at org.objectweb.asm.ClassReader.<init>(ClassReader.java:153) ~[asm-debug-all-5.0.3.jar:5.0.3]
	at org.objectweb.asm.ClassReader.<init>(ClassReader.java:424) ~[asm-debug-all-5.0.3.jar:5.0.3]
	at cpw.mods.fml.common.discovery.asm.ASMModParser.<init>(ASMModParser.java:52) ~[ASMModParser.class:?]
	... 18 more
[23:21:01] [Client thread/WARN] [FML/]: Zip file org.eclipse.jgit-6.8.0.202311291450-r.jar failed to read properly, it will be ignored
cpw.mods.fml.common.LoaderException: java.lang.IllegalArgumentException

	at cpw.mods.fml.common.discovery.asm.ASMModParser.<init>(ASMModParser.java:58) ~[ASMModParser.class:?]
	at cpw.mods.fml.common.discovery.JarDiscoverer.discover(JarDiscoverer.java:72) [JarDiscoverer.class:?]
	at cpw.mods.fml.common.discovery.ContainerType.findMods(ContainerType.java:42) [ContainerType.class:?]
	at cpw.mods.fml.common.discovery.ModCandidate.explore(ModCandidate.java:71) [ModCandidate.class:?]
	at cpw.mods.fml.common.discovery.ModDiscoverer.identifyMods(ModDiscoverer.java:131) [ModDiscoverer.class:?]
	at cpw.mods.fml.common.Loader.identifyMods(Loader.java:364) [Loader.class:?]
	at cpw.mods.fml.common.Loader.loadMods(Loader.java:489) [Loader.class:?]
	at cpw.mods.fml.client.FMLClientHandler.beginMinecraftLoading(FMLClientHandler.java:208) [FMLClientHandler.class:?]
	at net.minecraft.client.Minecraft.startGame(Minecraft.java:522) [Minecraft.class:?]
	at net.minecraft.client.Minecraft.run(Minecraft.java:942) [Minecraft.class:?]
	at net.minecraft.client.main.Main.main(Main.java:164) [Main.class:?]
	at sun.reflect.NativeMethodAccessorImpl.invoke0(Native Method) ~[?:1.8.0_492]
	at sun.reflect.NativeMethodAccessorImpl.invoke(NativeMethodAccessorImpl.java:62) ~[?:1.8.0_492]
	at sun.reflect.DelegatingMethodAccessorImpl.invoke(DelegatingMethodAccessorImpl.java:43) ~[?:1.8.0_492]
	at java.lang.reflect.Method.invoke(Method.java:498) ~[?:1.8.0_492]
	at net.minecraft.launchwrapper.Launch.launch(Launch.java:135) [launchwrapper-1.12.jar:?]
	at net.minecraft.launchwrapper.Launch.main(Launch.java:28) [launchwrapper-1.12.jar:?]
	at net.minecraftforge.gradle.GradleStartCommon.launch(GradleStartCommon.java:97) [mclauncher-1.7.10.jar:?]
	at GradleStart.main(GradleStart.java:40) [mclauncher-1.7.10.jar:?]
Caused by: java.lang.IllegalArgumentException
	at org.objectweb.asm.ClassReader.<init>(ClassReader.java:170) ~[asm-debug-all-5.0.3.jar:5.0.3]
	at org.objectweb.asm.ClassReader.<init>(ClassReader.java:153) ~[asm-debug-all-5.0.3.jar:5.0.3]
	at org.objectweb.asm.ClassReader.<init>(ClassReader.java:424) ~[asm-debug-all-5.0.3.jar:5.0.3]
	at cpw.mods.fml.common.discovery.asm.ASMModParser.<init>(ASMModParser.java:52) ~[ASMModParser.class:?]
	... 18 more
[23:21:01] [Client thread/DEBUG] [FML/]: Examining file NotEnoughItems-2.7.4-GTNH-dev.jar for potential mods
[23:21:01] [Client thread/TRACE] [FML/]: Located mcmod.info file in file NotEnoughItems-2.7.4-GTNH-dev.jar
[23:21:01] [Client thread/DEBUG] [FML/]: Examining file commons-codec-1.16.0.jar for potential mods
[23:21:01] [Client thread/DEBUG] [FML/]: The mod container commons-codec-1.16.0.jar appears to be missing an mcmod.info file
[23:21:01] [Client thread/DEBUG] [FML/]: Examining file JavaEWAH-1.2.3.jar for potential mods
[23:21:01] [Client thread/DEBUG] [FML/]: The mod container JavaEWAH-1.2.3.jar appears to be missing an mcmod.info file
[23:21:01] [Client thread/ERROR] [FML/]: Unable to read a class file correctly
java.lang.IllegalArgumentException
	at org.objectweb.asm.ClassReader.<init>(ClassReader.java:170) ~[asm-debug-all-5.0.3.jar:5.0.3]
	at org.objectweb.asm.ClassReader.<init>(ClassReader.java:153) ~[asm-debug-all-5.0.3.jar:5.0.3]
	at org.objectweb.asm.ClassReader.<init>(ClassReader.java:424) ~[asm-debug-all-5.0.3.jar:5.0.3]
	at cpw.mods.fml.common.discovery.asm.ASMModParser.<init>(ASMModParser.java:52) [ASMModParser.class:?]
	at cpw.mods.fml.common.discovery.JarDiscoverer.discover(JarDiscoverer.java:72) [JarDiscoverer.class:?]
	at cpw.mods.fml.common.discovery.ContainerType.findMods(ContainerType.java:42) [ContainerType.class:?]
	at cpw.mods.fml.common.discovery.ModCandidate.explore(ModCandidate.java:71) [ModCandidate.class:?]
	at cpw.mods.fml.common.discovery.ModDiscoverer.identifyMods(ModDiscoverer.java:131) [ModDiscoverer.class:?]
	at cpw.mods.fml.common.Loader.identifyMods(Loader.java:364) [Loader.class:?]
	at cpw.mods.fml.common.Loader.loadMods(Loader.java:489) [Loader.class:?]
	at cpw.mods.fml.client.FMLClientHandler.beginMinecraftLoading(FMLClientHandler.java:208) [FMLClientHandler.class:?]
	at net.minecraft.client.Minecraft.startGame(Minecraft.java:522) [Minecraft.class:?]
	at net.minecraft.client.Minecraft.run(Minecraft.java:942) [Minecraft.class:?]
	at net.minecraft.client.main.Main.main(Main.java:164) [Main.class:?]
	at sun.reflect.NativeMethodAccessorImpl.invoke0(Native Method) ~[?:1.8.0_492]
	at sun.reflect.NativeMethodAccessorImpl.invoke(NativeMethodAccessorImpl.java:62) ~[?:1.8.0_492]
	at sun.reflect.DelegatingMethodAccessorImpl.invoke(DelegatingMethodAccessorImpl.java:43) ~[?:1.8.0_492]
	at java.lang.reflect.Method.invoke(Method.java:498) ~[?:1.8.0_492]
	at net.minecraft.launchwrapper.Launch.launch(Launch.java:135) [launchwrapper-1.12.jar:?]
	at net.minecraft.launchwrapper.Launch.main(Launch.java:28) [launchwrapper-1.12.jar:?]
	at net.minecraftforge.gradle.GradleStartCommon.launch(GradleStartCommon.java:97) [mclauncher-1.7.10.jar:?]
	at GradleStart.main(GradleStart.java:40) [mclauncher-1.7.10.jar:?]
[23:21:01] [Client thread/ERROR] [FML/]: There was a problem reading the entry META-INF/versions/9/module-info.class in the jar C:\Users\MrUser\.gradle\caches\modules-2\files-2.1\com.googlecode.javaewah\JavaEWAH\1.2.3\13a27c856e0c8808cee9a64032c58eee11c3adc9\JavaEWAH-1.2.3.jar - probably a corrupt zip
cpw.mods.fml.common.LoaderException: java.lang.IllegalArgumentException

	at cpw.mods.fml.common.discovery.asm.ASMModParser.<init>(ASMModParser.java:58) ~[ASMModParser.class:?]
	at cpw.mods.fml.common.discovery.JarDiscoverer.discover(JarDiscoverer.java:72) [JarDiscoverer.class:?]
	at cpw.mods.fml.common.discovery.ContainerType.findMods(ContainerType.java:42) [ContainerType.class:?]
	at cpw.mods.fml.common.discovery.ModCandidate.explore(ModCandidate.java:71) [ModCandidate.class:?]
	at cpw.mods.fml.common.discovery.ModDiscoverer.identifyMods(ModDiscoverer.java:131) [ModDiscoverer.class:?]
	at cpw.mods.fml.common.Loader.identifyMods(Loader.java:364) [Loader.class:?]
	at cpw.mods.fml.common.Loader.loadMods(Loader.java:489) [Loader.class:?]
	at cpw.mods.fml.client.FMLClientHandler.beginMinecraftLoading(FMLClientHandler.java:208) [FMLClientHandler.class:?]
	at net.minecraft.client.Minecraft.startGame(Minecraft.java:522) [Minecraft.class:?]
	at net.minecraft.client.Minecraft.run(Minecraft.java:942) [Minecraft.class:?]
	at net.minecraft.client.main.Main.main(Main.java:164) [Main.class:?]
	at sun.reflect.NativeMethodAccessorImpl.invoke0(Native Method) ~[?:1.8.0_492]
	at sun.reflect.NativeMethodAccessorImpl.invoke(NativeMethodAccessorImpl.java:62) ~[?:1.8.0_492]
	at sun.reflect.DelegatingMethodAccessorImpl.invoke(DelegatingMethodAccessorImpl.java:43) ~[?:1.8.0_492]
	at java.lang.reflect.Method.invoke(Method.java:498) ~[?:1.8.0_492]
	at net.minecraft.launchwrapper.Launch.launch(Launch.java:135) [launchwrapper-1.12.jar:?]
	at net.minecraft.launchwrapper.Launch.main(Launch.java:28) [launchwrapper-1.12.jar:?]
	at net.minecraftforge.gradle.GradleStartCommon.launch(GradleStartCommon.java:97) [mclauncher-1.7.10.jar:?]
	at GradleStart.main(GradleStart.java:40) [mclauncher-1.7.10.jar:?]
Caused by: java.lang.IllegalArgumentException
	at org.objectweb.asm.ClassReader.<init>(ClassReader.java:170) ~[asm-debug-all-5.0.3.jar:5.0.3]
	at org.objectweb.asm.ClassReader.<init>(ClassReader.java:153) ~[asm-debug-all-5.0.3.jar:5.0.3]
	at org.objectweb.asm.ClassReader.<init>(ClassReader.java:424) ~[asm-debug-all-5.0.3.jar:5.0.3]
	at cpw.mods.fml.common.discovery.asm.ASMModParser.<init>(ASMModParser.java:52) ~[ASMModParser.class:?]
	... 18 more
[23:21:01] [Client thread/WARN] [FML/]: Zip file JavaEWAH-1.2.3.jar failed to read properly, it will be ignored
cpw.mods.fml.common.LoaderException: java.lang.IllegalArgumentException

	at cpw.mods.fml.common.discovery.asm.ASMModParser.<init>(ASMModParser.java:58) ~[ASMModParser.class:?]
	at cpw.mods.fml.common.discovery.JarDiscoverer.discover(JarDiscoverer.java:72) [JarDiscoverer.class:?]
	at cpw.mods.fml.common.discovery.ContainerType.findMods(ContainerType.java:42) [ContainerType.class:?]
	at cpw.mods.fml.common.discovery.ModCandidate.explore(ModCandidate.java:71) [ModCandidate.class:?]
	at cpw.mods.fml.common.discovery.ModDiscoverer.identifyMods(ModDiscoverer.java:131) [ModDiscoverer.class:?]
	at cpw.mods.fml.common.Loader.identifyMods(Loader.java:364) [Loader.class:?]
	at cpw.mods.fml.common.Loader.loadMods(Loader.java:489) [Loader.class:?]
	at cpw.mods.fml.client.FMLClientHandler.beginMinecraftLoading(FMLClientHandler.java:208) [FMLClientHandler.class:?]
	at net.minecraft.client.Minecraft.startGame(Minecraft.java:522) [Minecraft.class:?]
	at net.minecraft.client.Minecraft.run(Minecraft.java:942) [Minecraft.class:?]
	at net.minecraft.client.main.Main.main(Main.java:164) [Main.class:?]
	at sun.reflect.NativeMethodAccessorImpl.invoke0(Native Method) ~[?:1.8.0_492]
	at sun.reflect.NativeMethodAccessorImpl.invoke(NativeMethodAccessorImpl.java:62) ~[?:1.8.0_492]
	at sun.reflect.DelegatingMethodAccessorImpl.invoke(DelegatingMethodAccessorImpl.java:43) ~[?:1.8.0_492]
	at java.lang.reflect.Method.invoke(Method.java:498) ~[?:1.8.0_492]
	at net.minecraft.launchwrapper.Launch.launch(Launch.java:135) [launchwrapper-1.12.jar:?]
	at net.minecraft.launchwrapper.Launch.main(Launch.java:28) [launchwrapper-1.12.jar:?]
	at net.minecraftforge.gradle.GradleStartCommon.launch(GradleStartCommon.java:97) [mclauncher-1.7.10.jar:?]
	at GradleStart.main(GradleStart.java:40) [mclauncher-1.7.10.jar:?]
Caused by: java.lang.IllegalArgumentException
	at org.objectweb.asm.ClassReader.<init>(ClassReader.java:170) ~[asm-debug-all-5.0.3.jar:5.0.3]
	at org.objectweb.asm.ClassReader.<init>(ClassReader.java:153) ~[asm-debug-all-5.0.3.jar:5.0.3]
	at org.objectweb.asm.ClassReader.<init>(ClassReader.java:424) ~[asm-debug-all-5.0.3.jar:5.0.3]
	at cpw.mods.fml.common.discovery.asm.ASMModParser.<init>(ASMModParser.java:52) ~[ASMModParser.class:?]
	... 18 more
[23:21:01] [Client thread/DEBUG] [FML/]: Examining file slf4j-api-1.7.36.jar for potential mods
[23:21:01] [Client thread/DEBUG] [FML/]: The mod container slf4j-api-1.7.36.jar appears to be missing an mcmod.info file
[23:21:02] [Client thread/DEBUG] [FML/]: Examining file CodeChickenCore-1.4.0-dev.jar for potential mods
[23:21:02] [Client thread/TRACE] [FML/]: Located mcmod.info file in file CodeChickenCore-1.4.0-dev.jar
[23:21:02] [Client thread/INFO] [FML/]: Forge Mod Loader has identified 8 mods to load
[23:21:02] [Client thread/TRACE] [FML/]: Received a system property request ''
[23:21:02] [Client thread/TRACE] [FML/]: System property request managing the state of 0 mods
[23:21:02] [Client thread/DEBUG] [FML/]: After merging, found state information for 0 mods
[23:21:02] [Client thread/DEBUG] [FML/]: Found translations in recompiled_minecraft-1.7.10.jar [en_US, af_ZA, ar_SA, br_FR, ca_ES, cs_CZ, da_DK, de_DE, el_GR, en_US, es_ES, fa_IR, fi_FI, fr_FR, he_IL, hu_HU, it_IT, ja_JP, ko_KR, lt_LT, nb_NO, nl_NL, nn_NO, no_NO, pl_PL, pt_BR, pt_PT, ro_RO, ru_RU, sl_SI, sr_SP, sv_SE, tr_TR, uk_UA, vi_VN, zh_CN, zh_TW, en_US]
[23:21:02] [Client thread/DEBUG] [FML/]: Found translations in recompiled_minecraft-1.7.10.jar [en_US, af_ZA, ar_SA, br_FR, ca_ES, cs_CZ, da_DK, de_DE, el_GR, en_US, es_ES, fa_IR, fi_FI, fr_FR, he_IL, hu_HU, it_IT, ja_JP, ko_KR, lt_LT, nb_NO, nl_NL, nn_NO, no_NO, pl_PL, pt_BR, pt_PT, ro_RO, ru_RU, sl_SI, sr_SP, sv_SE, tr_TR, uk_UA, vi_VN, zh_CN, zh_TW, en_US]
[23:21:02] [Client thread/DEBUG] [FML/]: Found translations in NotEnoughItems-2.7.4-GTNH-dev.jar [cs_CZ, pl_PL, fr_FR, zh_TW, tr_TR, pt_BR, et_EE, it_IT, sk_SK, ko_KR, en_US, zh_CN, de_DE, ru_RU]
[23:21:02] [Client thread/DEBUG] [psychedelicraft/]: Enabling mod psychedelicraft
[23:21:02] [Client thread/DEBUG] [FML/]: Found translations in Psychedelicraft-1.5.4-dev.jar [de_DE, en_US, zh_CN]
[23:21:02] [Client thread/DEBUG] [ivtoolkit/]: Enabling mod ivtoolkit
[23:21:02] [Client thread/TRACE] [FML/]: Verifying mod requirements are satisfied
[23:21:02] [Client thread/TRACE] [FML/]: All mod requirements are satisfied
[23:21:02] [Client thread/TRACE] [FML/]: Sorting mods into an ordered list
[23:21:02] [Client thread/TRACE] [FML/]: Mod sorting completed successfully
[23:21:02] [Client thread/DEBUG] [FML/]: Mod sorting data
[23:21:02] [Client thread/DEBUG] [FML/]: 	psychedelicraft(Psychedelicraft-Legacy-1.7.10:1.5.2): Psychedelicraft-1.5.4-dev.jar ()
[23:21:02] [Client thread/DEBUG] [FML/]: 	ivtoolkit(IvToolkit:1.2.1): IvToolkit-V1.2.2.jar ()
[23:21:02] [Client thread/TRACE] [mcp/mcp]: Sending event FMLConstructionEvent to mod mcp
[23:21:02] [Client thread/TRACE] [mcp/mcp]: Sent event FMLConstructionEvent to mod mcp
[23:21:02] [Client thread/DEBUG] [FML/]: Bar Step: Construction - Minecraft Coder Pack took 0,002s
[23:21:02] [Client thread/TRACE] [FML/FML]: Sending event FMLConstructionEvent to mod FML
[23:21:02] [Client thread/TRACE] [FML/FML]: Mod FML is using network checker : Invoking method checkModLists
[23:21:02] [Client thread/TRACE] [FML/FML]: Testing mod FML to verify it accepts its own version in a remote connection
[23:21:02] [Client thread/TRACE] [FML/FML]: The mod FML accepts its own version (7.10.99.99)
[23:21:02] [Client thread/INFO] [FML/FML]: Attempting connection with missing mods [mcp, FML, Forge, NotEnoughItems, CodeChickenCore, psychedelicraftcore, psychedelicraft, ivtoolkit] at CLIENT
[23:21:02] [Client thread/INFO] [FML/FML]: Attempting connection with missing mods [mcp, FML, Forge, NotEnoughItems, CodeChickenCore, psychedelicraftcore, psychedelicraft, ivtoolkit] at SERVER
[23:21:02] [Client thread/TRACE] [FML/FML]: Sent event FMLConstructionEvent to mod FML
[23:21:02] [Client thread/DEBUG] [FML/]: Bar Step: Construction - Forge Mod Loader took 0,383s
[23:21:02] [Client thread/TRACE] [Forge/Forge]: Sending event FMLConstructionEvent to mod Forge
[23:21:02] [Client thread/TRACE] [FML/Forge]: Mod Forge is using network checker : No network checking performed
[23:21:02] [Client thread/TRACE] [FML/Forge]: Testing mod Forge to verify it accepts its own version in a remote connection
[23:21:02] [Client thread/TRACE] [FML/Forge]: The mod Forge accepts its own version (10.13.4.1614)
[23:21:02] [Client thread/TRACE] [Forge/Forge]: Sent event FMLConstructionEvent to mod Forge
[23:21:02] [Client thread/DEBUG] [FML/]: Bar Step: Construction - Minecraft Forge took 0,005s
[23:21:02] [Client thread/TRACE] [NotEnoughItems/NotEnoughItems]: Sending event FMLConstructionEvent to mod NotEnoughItems
[23:21:02] [Client thread/TRACE] [NotEnoughItems/NotEnoughItems]: Sent event FMLConstructionEvent to mod NotEnoughItems
[23:21:02] [Client thread/DEBUG] [FML/]: Bar Step: Construction - NotEnoughItems took 0,001s
[23:21:02] [Client thread/TRACE] [CodeChickenCore/CodeChickenCore]: Sending event FMLConstructionEvent to mod CodeChickenCore
[23:21:02] [Client thread/TRACE] [CodeChickenCore/CodeChickenCore]: Sent event FMLConstructionEvent to mod CodeChickenCore
[23:21:02] [Client thread/DEBUG] [FML/]: Bar Step: Construction - CodeChicken Core took 0,000s
[23:21:02] [Client thread/TRACE] [psychedelicraftcore/psychedelicraftcore]: Sending event FMLConstructionEvent to mod psychedelicraftcore
[23:21:02] [Client thread/TRACE] [psychedelicraftcore/psychedelicraftcore]: Sent event FMLConstructionEvent to mod psychedelicraftcore
[23:21:02] [Client thread/DEBUG] [FML/]: Bar Step: Construction - Psychedelicraft Core took 0,000s
[23:21:02] [Client thread/TRACE] [psychedelicraft/psychedelicraft]: Sending event FMLConstructionEvent to mod psychedelicraft
[23:21:02] [Client thread/TRACE] [FML/psychedelicraft]: Mod psychedelicraft is using network checker : Accepting version 1.5.2
[23:21:02] [Client thread/TRACE] [FML/psychedelicraft]: Testing mod psychedelicraft to verify it accepts its own version in a remote connection
[23:21:02] [Client thread/TRACE] [FML/psychedelicraft]: The mod psychedelicraft accepts its own version (1.5.2)
[23:21:02] [Client thread/DEBUG] [FML/psychedelicraft]: Attempting to inject @SidedProxy classes into psychedelicraft
[23:21:02] [Client thread/TRACE] [psychedelicraft/psychedelicraft]: Sent event FMLConstructionEvent to mod psychedelicraft
[23:21:02] [Client thread/DEBUG] [FML/]: Bar Step: Construction - Psychedelicraft-Legacy-1.7.10 took 0,081s
[23:21:02] [Client thread/TRACE] [ivtoolkit/ivtoolkit]: Sending event FMLConstructionEvent to mod ivtoolkit
[23:21:02] [Client thread/TRACE] [FML/ivtoolkit]: Mod ivtoolkit is using network checker : Accepting version 1.2.1
[23:21:02] [Client thread/TRACE] [FML/ivtoolkit]: Testing mod ivtoolkit to verify it accepts its own version in a remote connection
[23:21:02] [Client thread/TRACE] [FML/ivtoolkit]: The mod ivtoolkit accepts its own version (1.2.1)
[23:21:02] [Client thread/DEBUG] [FML/ivtoolkit]: Attempting to inject @SidedProxy classes into ivtoolkit
[23:21:02] [Client thread/TRACE] [ivtoolkit/ivtoolkit]: Sent event FMLConstructionEvent to mod ivtoolkit
[23:21:02] [Client thread/DEBUG] [FML/]: Bar Step: Construction - IvToolkit took 0,002s
[23:21:02] [Client thread/DEBUG] [FML/]: Bar Finished: Construction took 0,475s
[23:21:02] [Client thread/DEBUG] [FML/]: Mod signature data
[23:21:02] [Client thread/DEBUG] [FML/]:  	Valid Signatures:
[23:21:02] [Client thread/DEBUG] [FML/]:  	Missing Signatures:
[23:21:02] [Client thread/DEBUG] [FML/]: 		mcp	(Minecraft Coder Pack	9.05)	minecraft.jar
[23:21:02] [Client thread/DEBUG] [FML/]: 		FML	(Forge Mod Loader	7.10.99.99)	recompiled_minecraft-1.7.10.jar
[23:21:02] [Client thread/DEBUG] [FML/]: 		Forge	(Minecraft Forge	10.13.4.1614)	recompiled_minecraft-1.7.10.jar
[23:21:02] [Client thread/DEBUG] [FML/]: 		NotEnoughItems	(NotEnoughItems	2.7.4-GTNH)	NotEnoughItems-2.7.4-GTNH-dev.jar
[23:21:02] [Client thread/DEBUG] [FML/]: 		CodeChickenCore	(CodeChicken Core	1.4.0)	minecraft.jar
[23:21:02] [Client thread/DEBUG] [FML/]: 		psychedelicraftcore	(Psychedelicraft Core	1.4)	minecraft.jar
[23:21:02] [Client thread/DEBUG] [FML/]: 		psychedelicraft	(Psychedelicraft-Legacy-1.7.10	1.5.2)	Psychedelicraft-1.5.4-dev.jar
[23:21:02] [Client thread/DEBUG] [FML/]: 		ivtoolkit	(IvToolkit	1.2.1)	IvToolkit-V1.2.2.jar
[23:21:02] [Client thread/DEBUG] [FML/]: Bar Step: Loading Resources - Default took 0,002s
[23:21:02] [Client thread/DEBUG] [FML/]: Bar Step: Loading Resources - FMLFileResourcePack:Forge Mod Loader took 0,004s
[23:21:02] [Client thread/DEBUG] [FML/]: Bar Step: Loading Resources - FMLFileResourcePack:Minecraft Forge took 0,003s
[23:21:02] [Client thread/DEBUG] [FML/]: Bar Step: Loading Resources - FMLFileResourcePack:NotEnoughItems took 0,001s
[23:21:02] [Client thread/DEBUG] [FML/]: Bar Step: Loading Resources - FMLFileResourcePack:Psychedelicraft-Legacy-1.7.10 took 0,001s
[23:21:02] [Client thread/DEBUG] [FML/]: Bar Step: Loading Resources - FMLFileResourcePack:IvToolkit took 0,000s
[23:21:02] [Client thread/DEBUG] [FML/]: Bar Finished: Reloading - LanguageManager took 0,015s
[23:21:02] [Client thread/DEBUG] [FML/]: Bar Step: Loading Resources - Reloading listeners took 0,015s
[23:21:02] [Client thread/DEBUG] [FML/]: Bar Finished: Loading Resources took 0,027s
[23:21:02] [Client thread/DEBUG] [Forge Mod Loader/]: Mod Forge Mod Loader is missing a pack.mcmeta file, substituting a dummy one
[23:21:02] [Client thread/DEBUG] [Minecraft Forge/]: Mod Minecraft Forge is missing a pack.mcmeta file, substituting a dummy one
[23:21:02] [Client thread/DEBUG] [NotEnoughItems/]: Mod NotEnoughItems is missing a pack.mcmeta file, substituting a dummy one
[23:21:02] [Client thread/DEBUG] [Psychedelicraft-Legacy-1.7.10/]: Mod Psychedelicraft-Legacy-1.7.10 is missing a pack.mcmeta file, substituting a dummy one
[23:21:02] [Client thread/DEBUG] [IvToolkit/]: Mod IvToolkit is missing a pack.mcmeta file, substituting a dummy one
[23:21:02] [Client thread/INFO] [FML/]: Processing ObjectHolder annotations
[23:21:02] [Client thread/INFO] [FML/]: Found 341 ObjectHolder annotations
[23:21:02] [Client thread/INFO] [FML/]: Identifying ItemStackHolder annotations
[23:21:02] [Client thread/INFO] [FML/]: Found 0 ItemStackHolder annotations
[23:21:02] [Client thread/TRACE] [mcp/mcp]: Sending event FMLPreInitializationEvent to mod mcp
[23:21:02] [Client thread/TRACE] [mcp/mcp]: Sent event FMLPreInitializationEvent to mod mcp
[23:21:02] [Client thread/DEBUG] [FML/]: Bar Step: PreInitialization - Minecraft Coder Pack took 0,000s
[23:21:02] [Client thread/TRACE] [FML/FML]: Sending event FMLPreInitializationEvent to mod FML
[23:21:02] [Client thread/TRACE] [FML/FML]: Sent event FMLPreInitializationEvent to mod FML
[23:21:02] [Client thread/DEBUG] [FML/]: Bar Step: PreInitialization - Forge Mod Loader took 0,000s
[23:21:02] [Client thread/TRACE] [Forge/Forge]: Sending event FMLPreInitializationEvent to mod Forge
[23:21:02] [Client thread/INFO] [FML/Forge]: Configured a dormant chunk cache size of 0
[23:21:02] [Client thread/TRACE] [Forge/Forge]: Sent event FMLPreInitializationEvent to mod Forge
[23:21:02] [Client thread/DEBUG] [FML/]: Bar Step: PreInitialization - Minecraft Forge took 0,022s
[23:21:02] [Client thread/TRACE] [NotEnoughItems/NotEnoughItems]: Sending event FMLPreInitializationEvent to mod NotEnoughItems
[23:21:02] [Forge Version Check/INFO] [STDERR/Forge]: [java.lang.Throwable$WrappedPrintStream:println:749]: com.google.gson.JsonSyntaxException: java.lang.IllegalStateException: Expected BEGIN_OBJECT but was STRING at line 1 column 1
[23:21:02] [Forge Version Check/INFO] [STDERR/Forge]: [java.lang.Throwable$WrappedPrintStream:println:749]: 	at com.google.gson.Gson.fromJson(Gson.java:815)
[23:21:02] [Forge Version Check/INFO] [STDERR/Forge]: [java.lang.Throwable$WrappedPrintStream:println:749]: 	at com.google.gson.Gson.fromJson(Gson.java:768)
[23:21:02] [Forge Version Check/INFO] [STDERR/Forge]: [java.lang.Throwable$WrappedPrintStream:println:749]: 	at com.google.gson.Gson.fromJson(Gson.java:717)
[23:21:02] [Forge Version Check/INFO] [STDERR/Forge]: [java.lang.Throwable$WrappedPrintStream:println:749]: 	at com.google.gson.Gson.fromJson(Gson.java:689)
[23:21:02] [Forge Version Check/INFO] [STDERR/Forge]: [java.lang.Throwable$WrappedPrintStream:println:749]: 	at net.minecraftforge.common.ForgeVersion$1.run(ForgeVersion.java:94)
[23:21:02] [Forge Version Check/INFO] [STDERR/Forge]: [java.lang.Throwable$WrappedPrintStream:println:749]: Caused by: java.lang.IllegalStateException: Expected BEGIN_OBJECT but was STRING at line 1 column 1
[23:21:02] [Forge Version Check/INFO] [STDERR/Forge]: [java.lang.Throwable$WrappedPrintStream:println:749]: 	at com.google.gson.stream.JsonReader.beginObject(JsonReader.java:374)
[23:21:02] [Forge Version Check/INFO] [STDERR/Forge]: [java.lang.Throwable$WrappedPrintStream:println:749]: 	at com.google.gson.internal.bind.MapTypeAdapterFactory$Adapter.read(MapTypeAdapterFactory.java:183)
[23:21:02] [Forge Version Check/INFO] [STDERR/Forge]: [java.lang.Throwable$WrappedPrintStream:println:749]: 	at com.google.gson.internal.bind.MapTypeAdapterFactory$Adapter.read(MapTypeAdapterFactory.java:145)
[23:21:02] [Forge Version Check/INFO] [STDERR/Forge]: [java.lang.Throwable$WrappedPrintStream:println:749]: 	at com.google.gson.Gson.fromJson(Gson.java:803)
[23:21:02] [Forge Version Check/INFO] [STDERR/Forge]: [java.lang.Throwable$WrappedPrintStream:println:749]: 	... 4 more
[23:21:03] [Client thread/INFO] [NotEnoughItems/NotEnoughItems]: Creating default 'serialhandlers.cfg' C:\Users\MrUser\Desktop\MinecraftDev\Psychedelicraft-Legacy-1.7.10\run\config\NEI\serialhandlers.cfg
[23:21:03] [Client thread/INFO] [NotEnoughItems/NotEnoughItems]: Loading 'serialhandlers.cfg' file C:\Users\MrUser\Desktop\MinecraftDev\Psychedelicraft-Legacy-1.7.10\run\config\NEI\serialhandlers.cfg
[23:21:03] [Client thread/INFO] [NotEnoughItems/NotEnoughItems]: Creating default 'hiddenitems.cfg' C:\Users\MrUser\Desktop\MinecraftDev\Psychedelicraft-Legacy-1.7.10\run\config\NEI\hiddenitems.cfg
[23:21:03] [Client thread/INFO] [NotEnoughItems/NotEnoughItems]: Loading 'hiddenitems.cfg' file C:\Users\MrUser\Desktop\MinecraftDev\Psychedelicraft-Legacy-1.7.10\run\config\NEI\hiddenitems.cfg
[23:21:03] [Client thread/INFO] [NotEnoughItems/NotEnoughItems]: Creating default 'heighthackhandlers.cfg' C:\Users\MrUser\Desktop\MinecraftDev\Psychedelicraft-Legacy-1.7.10\run\config\NEI\heighthackhandlers.cfg
[23:21:03] [Client thread/INFO] [NotEnoughItems/NotEnoughItems]: Loading 'heighthackhandlers.cfg' file C:\Users\MrUser\Desktop\MinecraftDev\Psychedelicraft-Legacy-1.7.10\run\config\NEI\heighthackhandlers.cfg
[23:21:03] [Client thread/INFO] [NotEnoughItems/NotEnoughItems]: Creating default 'hiddenhandlers.cfg' C:\Users\MrUser\Desktop\MinecraftDev\Psychedelicraft-Legacy-1.7.10\run\config\NEI\hiddenhandlers.cfg
[23:21:03] [Client thread/INFO] [NotEnoughItems/NotEnoughItems]: Loading 'hiddenhandlers.cfg' file C:\Users\MrUser\Desktop\MinecraftDev\Psychedelicraft-Legacy-1.7.10\run\config\NEI\hiddenhandlers.cfg
[23:21:03] [Client thread/INFO] [NotEnoughItems/NotEnoughItems]: Creating default 'enableautofocus.cfg' C:\Users\MrUser\Desktop\MinecraftDev\Psychedelicraft-Legacy-1.7.10\run\config\NEI\enableautofocus.cfg
[23:21:03] [Client thread/INFO] [NotEnoughItems/NotEnoughItems]: Loading 'enableautofocus.cfg' file C:\Users\MrUser\Desktop\MinecraftDev\Psychedelicraft-Legacy-1.7.10\run\config\NEI\enableautofocus.cfg
[23:21:03] [Client thread/DEBUG] [CCL ASM/NotEnoughItems]: Writing method [codechicken/nei/guihook/GuiContainerManager.getManager(Lnet/minecraft/client/gui/inventory/GuiContainer;)Lcodechicken/nei/guihook/GuiContainerManager;]
[23:21:03] [Client thread/DEBUG] [CCL ASM/NotEnoughItems]: Writing method [codechicken/nei/guihook/GuiContainerManager.callKeyTyped(Lnet/minecraft/client/gui/inventory/GuiContainer;CI)V]
[23:21:03] [Client thread/DEBUG] [CCL ASM/NotEnoughItems]: Writing method [codechicken/nei/guihook/DefaultSlotClickHandler.callHandleMouseClick(Lnet/minecraft/client/gui/inventory/GuiContainer;Lnet/minecraft/inventory/Slot;III)V]
[23:21:03] [Client thread/INFO] [NotEnoughItems/NotEnoughItems]: Creating default 'guidfilters.cfg' C:\Users\MrUser\Desktop\MinecraftDev\Psychedelicraft-Legacy-1.7.10\run\config\NEI\guidfilters.cfg
[23:21:03] [Client thread/INFO] [NotEnoughItems/NotEnoughItems]: Loading 'guidfilters.cfg' file C:\Users\MrUser\Desktop\MinecraftDev\Psychedelicraft-Legacy-1.7.10\run\config\NEI\guidfilters.cfg
[23:21:03] [Client thread/TRACE] [NotEnoughItems/NotEnoughItems]: Sent event FMLPreInitializationEvent to mod NotEnoughItems
[23:21:03] [Client thread/DEBUG] [FML/]: Bar Step: PreInitialization - NotEnoughItems took 0,516s
[23:21:03] [Client thread/TRACE] [CodeChickenCore/CodeChickenCore]: Sending event FMLPreInitializationEvent to mod CodeChickenCore
[23:21:03] [Client thread/TRACE] [CodeChickenCore/CodeChickenCore]: Sent event FMLPreInitializationEvent to mod CodeChickenCore
[23:21:03] [Client thread/DEBUG] [FML/]: Bar Step: PreInitialization - CodeChicken Core took 0,009s
[23:21:03] [Client thread/TRACE] [psychedelicraftcore/psychedelicraftcore]: Sending event FMLPreInitializationEvent to mod psychedelicraftcore
[23:21:03] [Client thread/TRACE] [psychedelicraftcore/psychedelicraftcore]: Sent event FMLPreInitializationEvent to mod psychedelicraftcore
[23:21:03] [Client thread/DEBUG] [FML/]: Bar Step: PreInitialization - Psychedelicraft Core took 0,000s
[23:21:03] [Client thread/TRACE] [psychedelicraft/psychedelicraft]: Sending event FMLPreInitializationEvent to mod psychedelicraft
[23:21:03] [Client thread/DEBUG] [FML/psychedelicraft]: Skipping automatic mod psychedelicraft entity registration for already registered class ivorius.psychedelicraft.entities.EntityMolotovCocktail
[23:21:03] [Client thread/TRACE] [FML/psychedelicraft]: Automatically registered mod psychedelicraft entity realityRift as psychedelicraft.realityRift
[23:21:03] [Client thread/DEBUG] [FML/psychedelicraft]: Skipping automatic mod psychedelicraft entity registration for already registered class ivorius.psychedelicraft.entities.EntityMolotovCocktail
[23:21:03] [Client thread/TRACE] [psychedelicraft/psychedelicraft]: Sent event FMLPreInitializationEvent to mod psychedelicraft
[23:21:03] [Client thread/DEBUG] [FML/]: Bar Step: PreInitialization - Psychedelicraft-Legacy-1.7.10 took 0,268s
[23:21:03] [Client thread/TRACE] [ivtoolkit/ivtoolkit]: Sending event FMLPreInitializationEvent to mod ivtoolkit
[23:21:03] [Client thread/TRACE] [ivtoolkit/ivtoolkit]: Sent event FMLPreInitializationEvent to mod ivtoolkit
[23:21:03] [Client thread/DEBUG] [FML/]: Bar Step: PreInitialization - IvToolkit took 0,000s
[23:21:03] [Client thread/DEBUG] [FML/]: Bar Finished: PreInitialization took 0,817s
[23:21:03] [Client thread/INFO] [FML/]: Applying holder lookups
[23:21:03] [Client thread/INFO] [FML/]: Holder lookups applied
[23:21:03] [Client thread/INFO] [FML/]: Injecting itemstacks
[23:21:03] [Client thread/INFO] [FML/]: Itemstack injection complete
[23:21:03] [Client thread/DEBUG] [FML/]: Bar Finished: Loading Resource - TextureManager took 0,000s
[23:21:03] [Sound Library Loader/INFO] [STDOUT/]: [paulscode.sound.SoundSystemLogger:message:69]: 
[23:21:03] [Sound Library Loader/INFO] [STDOUT/]: [paulscode.sound.SoundSystemLogger:message:69]: Starting up SoundSystem...
[23:21:03] [Thread-8/INFO] [STDOUT/]: [paulscode.sound.SoundSystemLogger:message:69]: Initializing LWJGL OpenAL
[23:21:03] [Thread-8/INFO] [STDOUT/]: [paulscode.sound.SoundSystemLogger:message:69]:     (The LWJGL binding of OpenAL.  For more information, see http://www.lwjgl.org)
[23:21:03] [Thread-8/INFO] [STDOUT/]: [paulscode.sound.SoundSystemLogger:message:69]: OpenAL initialized.
[23:21:04] [Sound Library Loader/INFO] [STDOUT/]: [paulscode.sound.SoundSystemLogger:message:69]: 
[23:21:07] [Client thread/DEBUG] [FML/]: Bar Finished: Loading Resource - SoundHandler took 3,515s
[23:21:07] [Client thread/DEBUG] [FML/]: Bar Finished: Loading Resource - FontRenderer took 0,003s
[23:21:07] [Client thread/DEBUG] [FML/]: Bar Finished: Loading Resource - FontRenderer took 0,002s
[23:21:07] [Client thread/DEBUG] [FML/]: Bar Finished: Loading Resource - GrassColorReloadListener took 0,004s
[23:21:07] [Client thread/DEBUG] [FML/]: Bar Finished: Loading Resource - FoliageColorReloadListener took 0,010s
[23:21:07] [Client thread/DEBUG] [FML/]: Bar Step: Rendering Setup - Loading Render Manager took 0,133s
[23:21:07] [Client thread/INFO] [STDOUT/]: [net.minecraft.client.Minecraft:displayCrashReport:388]: ---- Minecraft Crash Report ----
// Hey, that tickles! Hehehe!

Time: 15.05.26 23:21
Description: Initializing game

java.lang.VerifyError: Expecting a stackmap frame at branch target 8
Exception Details:
  Location:
    net/minecraft/client/renderer/EntityRenderer.setupCameraTransform(FI)V @4: ifeq
  Reason:
    Expected stackmap frame at this location.
  Bytecode:
    0x0000000: 23b8 0306 9900 04b1 2a2a b400 b8b4 015c
    0x0000010: b401 9c10 1068 86b5 0308 1117 01b8 030c
    0x0000020: b803 0f13 0310 462a b400 b8b4 015c b403
    0x0000030: 1399 0011 1c05 6804 6474 8625 6a0b 0bb8
    0x0000040: 02b0 2ab4 00a1 0f97 9900 1e2a b403 1590
    0x0000050: 2ab4 0317 7790 0bb8 02b0 2ab4 00a1 2ab4
    0x0000060: 00a1 0fb8 031b 2a23 04b7 031d 2ab4 00b8
    0x0000070: b401 1f86 2ab4 00b8 b401 2286 6e13 016a
    0x0000080: 2ab4 0308 0d6a b803 222a b400 b8b4 01c0
    0x0000090: b603 2599 000f 1303 2638 040c 1704 0cb8
    0x00000a0: 0329 1117 00b8 030c b803 0f2a b400 b8b4
    0x00000b0: 015c b403 1399 0012 1c05 6804 6486 1301
    0x00000c0: 9e6a 0b0b b802 b02a 23b7 032b 2ab4 00b8
    0x00000d0: b401 5cb4 032e 9900 082a 23b7 0330 2ab4
    0x00000e0: 00b8 b401 7eb4 0333 2ab4 00b8 b401 7eb4
    0x00000f0: 0336 2ab4 00b8 b401 7eb4 0333 6623 6a62
    0x0000100: 3804 1704 0b95 9e00 6410 1436 052a b400
    0x0000110: b8b4 017e b203 3cb6 0340 9900 0710 0736
    0x0000120: 0513 02b2 1704 1704 6a13 02b2 626e 1704
    0x0000130: 1303 416a 6638 0617 0617 066a 3806 2ab4
    0x0000140: 01a0 8623 6215 0586 6a0b 0c0c b802 830c
    0x0000150: 1706 6e0c 0cb8 0329 2ab4 01a0 8623 6276
    0x0000160: 1505 866a 0b0c 0cb8 0283 2a23 b703 422a
    0x0000170: b402 529e 0056 2ab4 0252 0464 3605 1505
    0x0000180: 04a0 000c 1302 530b 0c0b b802 8315 0505
    0x0000190: a000 0c13 02dc 0b0c 0bb8 0283 1505 06a0
    0x00001a0: 000c 1303 430b 0c0b b802 8315 0507 a000
    0x00001b0: 0c13 0253 0c0b 0bb8 0283 1505 08a0 000c
    0x00001c0: 1303 430c 0b0b b802 83b1               
  Stackmap Table:
    append_frame(@66,Float)
    same_frame(@102)
    same_frame(@162)
    same_frame(@199)
    same_frame(@222)
    append_frame(@289,Float,Integer)
    chop_frame(@362,1)
    append_frame(@397,Integer)
    same_frame(@412)
    same_frame(@427)
    same_frame(@442)
    chop_frame(@457,1)

	at net.minecraft.client.Minecraft.startGame(Minecraft.java:547)
	at net.minecraft.client.Minecraft.run(Minecraft.java:942)
	at net.minecraft.client.main.Main.main(Main.java:164)
	at sun.reflect.NativeMethodAccessorImpl.invoke0(Native Method)
	at sun.reflect.NativeMethodAccessorImpl.invoke(NativeMethodAccessorImpl.java:62)
	at sun.reflect.DelegatingMethodAccessorImpl.invoke(DelegatingMethodAccessorImpl.java:43)
	at java.lang.reflect.Method.invoke(Method.java:498)
	at net.minecraft.launchwrapper.Launch.launch(Launch.java:135)
	at net.minecraft.launchwrapper.Launch.main(Launch.java:28)
	at net.minecraftforge.gradle.GradleStartCommon.launch(GradleStartCommon.java:97)
	at GradleStart.main(GradleStart.java:40)


A detailed walkthrough of the error, its code path and all known details is as follows:
---------------------------------------------------------------------------------------

-- Head --
Stacktrace:
	at net.minecraft.client.Minecraft.startGame(Minecraft.java:547)

-- Initialization --
Details:
Stacktrace:
	at net.minecraft.client.Minecraft.run(Minecraft.java:942)
	at net.minecraft.client.main.Main.main(Main.java:164)
	at sun.reflect.NativeMethodAccessorImpl.invoke0(Native Method)
	at sun.reflect.NativeMethodAccessorImpl.invoke(NativeMethodAccessorImpl.java:62)
	at sun.reflect.DelegatingMethodAccessorImpl.invoke(DelegatingMethodAccessorImpl.java:43)
	at java.lang.reflect.Method.invoke(Method.java:498)
	at net.minecraft.launchwrapper.Launch.launch(Launch.java:135)
	at net.minecraft.launchwrapper.Launch.main(Launch.java:28)
	at net.minecraftforge.gradle.GradleStartCommon.launch(GradleStartCommon.java:97)
	at GradleStart.main(GradleStart.java:40)

-- System Details --
Details:
	Minecraft Version: 1.7.10
	Operating System: Windows 10 (amd64) version 10.0
	Java Version: 1.8.0_492, Azul Systems, Inc.
	Java VM Version: OpenJDK 64-Bit Server VM (mixed mode), Azul Systems, Inc.
	Memory: 795652112 bytes (758 MB) / 1777860608 bytes (1695 MB) up to 5726797824 bytes (5461 MB)
	JVM Flags: 2 total; -Xms1G -Xmx6G
	AABB Pool Size: 0 (0 bytes; 0 MB) allocated, 0 (0 bytes; 0 MB) used
	IntCache: cache: 0, tcache: 0, allocated: 0, tallocated: 0
	FML: MCP v9.05 FML v7.10.99.99 Minecraft Forge 10.13.4.1614 8 mods loaded, 8 mods active
	States: 'U' = Unloaded 'L' = Loaded 'C' = Constructed 'H' = Pre-initialized 'I' = Initialized 'J' = Post-initialized 'A' = Available 'D' = Disabled 'E' = Errored
	UCH	mcp{9.05} [Minecraft Coder Pack] (minecraft.jar) 
	UCH	FML{7.10.99.99} [Forge Mod Loader] (recompiled_minecraft-1.7.10.jar) 
	UCH	Forge{10.13.4.1614} [Minecraft Forge] (recompiled_minecraft-1.7.10.jar) 
	UCH	NotEnoughItems{2.7.4-GTNH} [NotEnoughItems] (NotEnoughItems-2.7.4-GTNH-dev.jar) 
	UCH	CodeChickenCore{1.4.0} [CodeChicken Core] (minecraft.jar) 
	UCH	psychedelicraftcore{1.4} [Psychedelicraft Core] (minecraft.jar) 
	UCH	psychedelicraft{1.5.2} [Psychedelicraft-Legacy-1.7.10] (Psychedelicraft-1.5.4-dev.jar) 
	UCH	ivtoolkit{1.2.1} [IvToolkit] (IvToolkit-V1.2.2.jar) 
	GL info: ' Vendor: 'NVIDIA Corporation' Version: '4.6.0 NVIDIA 591.86' Renderer: 'NVIDIA GeForce RTX 3060 Laptop GPU/PCIe/SSE2'
	Launched Version: 1.7.10
	LWJGL: 2.9.4
	OpenGL: NVIDIA GeForce RTX 3060 Laptop GPU/PCIe/SSE2 GL version 4.6.0 NVIDIA 591.86, NVIDIA Corporation
	GL Caps: Using GL 1.3 multitexturing.
Using framebuffer objects because OpenGL 3.0 is supported and separate blending is supported.
Anisotropic filtering is supported and maximum anisotropy is 16.
Shaders are available because OpenGL 2.1 is supported.

	Is Modded: Definitely; Client brand changed to 'fml,forge'
	Type: Client (map_client.txt)
	Resource Packs: []
	Current Language: English (US)
	Profiler Position: N/A (disabled)
	Vec3 Pool Size: 0 (0 bytes; 0 MB) allocated, 0 (0 bytes; 0 MB) used
	Anisotropic Filtering: Off (1)
[23:21:07] [Client thread/INFO] [STDOUT/]: [net.minecraft.client.Minecraft:displayCrashReport:398]: #@!@# Game crashed! Crash report saved to: #@!@# C:\Users\MrUser\Desktop\MinecraftDev\Psychedelicraft-Legacy-1.7.10\run\crash-reports\crash-2026-05-15_23.21.07-client.txt
