[23:24:59] [main/DEBUG] [FML/]: Injecting tracing printstreams for STDOUT/STDERR.
[23:24:59] [main/INFO] [FML/]: Forge Mod Loader version 7.99.40.1614 for Minecraft 1.7.10 loading
[23:24:59] [main/INFO] [FML/]: Java is OpenJDK 64-Bit Server VM, version 1.8.0_492, running on Windows 10:amd64:10.0, installed at C:\Users\MrUser\.gradle\jdks\azul_systems__inc_-8-amd64-windows.2\jre
[23:24:59] [main/DEBUG] [FML/]: Java classpath at launch is C:\Users\MrUser\.gradle\caches\modules-2\files-2.1\org.lwjgl.lwjgl\lwjgl\2.9.4-nightly-20150209\697517568c68e78ae0b4544145af031c81082dfe\lwjgl-2.9.4-nightly-20150209.jar;C:\Users\MrUser\.gradle\caches\modules-2\files-2.1\org.lwjgl.lwjgl\lwjgl_util\2.9.4-nightly-20150209\d51a7c040a721d13efdfbd34f8b257b2df882ad0\lwjgl_util-2.9.4-nightly-20150209.jar;C:\Users\MrUser\.gradle\caches\modules-2\files-2.1\org.lwjgl.lwjgl\lwjgl-platform\2.9.4-nightly-20150209\b84d5102b9dbfabfeb5e43c7e2828d98a7fc80e0\lwjgl-platform-2.9.4-nightly-20150209-natives-windows.jar;C:\Users\MrUser\Desktop\MinecraftDev\Psychedelicraft-Legacy-1.7.10\build\rfg\mclauncher-1.7.10.jar;C:\Users\MrUser\Desktop\MinecraftDev\Psychedelicraft-Legacy-1.7.10\build\rfg\recompiled_minecraft-1.7.10.jar;C:\Users\MrUser\.gradle\caches\modules-2\files-2.1\me.eigenraven.java8unsupported\java-8-unsupported-shim\1.0.0\2d0687782e2d091a6f3cf4709c54368fe6ab47e8\java-8-unsupported-shim-1.0.0.jar;C:\Users\MrUser\.gradle\caches\modules-2\files-2.1\net.minecraft\launchwrapper\1.12\111e7bea9c968cdb3d06ef4632bf7ff0824d0f36\launchwrapper-1.12.jar;C:\Users\MrUser\.gradle\caches\modules-2\files-2.1\com.mojang\authlib\1.5.21\aefba0d5b53fbcb70860bc8046ab95d5854c07a5\authlib-1.5.21.jar;C:\Users\MrUser\.gradle\caches\modules-2\files-2.1\com.google.code.findbugs\jsr305\2.0.1\516c03b21d50a644d538de0f0369c620989cd8f0\jsr305-2.0.1.jar;C:\Users\MrUser\.gradle\caches\modules-2\files-2.1\com.typesafe.akka\akka-actor_2.11\2.3.3\ed62e9fc709ca0f2ff1a3220daa8b70a2870078e\akka-actor_2.11-2.3.3.jar;C:\Users\MrUser\.gradle\caches\modules-2\files-2.1\com.typesafe\config\1.2.1\f771f71fdae3df231bcd54d5ca2d57f0bf93f467\config-1.2.1.jar;C:\Users\MrUser\.gradle\caches\modules-2\files-2.1\org.scala-lang\scala-actors-migration_2.11\1.1.0\dfa8bc42b181d5b9f1a5dd147f8ae308b893eb6f\scala-actors-migration_2.11-1.1.0.jar;C:\Users\MrUser\.gradle\caches\modules-2\files-2.1\org.scala-lang\scala-compiler\2.11.5\eb2631e425d240f55ffc060c3262caa4d05d8d1a\scala-compiler-2.11.5.jar;C:\Users\MrUser\.gradle\caches\modules-2\files-2.1\org.scala-lang.plugins\scala-continuations-library_2.11\1.0.2\e517c53a7e9acd6b1668c5a35eccbaa3bab9aac\scala-continuations-library_2.11-1.0.2.jar;C:\Users\MrUser\.gradle\caches\modules-2\files-2.1\org.scala-lang.plugins\scala-continuations-plugin_2.11.1\1.0.2\f361a3283452c57fa30c1ee69448995de23c60f7\scala-continuations-plugin_2.11.1-1.0.2.jar;C:\Users\MrUser\.gradle\caches\modules-2\files-2.1\org.scala-lang\scala-library\2.11.5\a5544bb030c5e6c3d81ad116b7dc5024f047df26\scala-library-2.11.5.jar;C:\Users\MrUser\.gradle\caches\modules-2\files-2.1\org.scala-lang\scala-parser-combinators_2.11\1.0.1\f05d7345bf5a58924f2837c6c1f4d73a938e1ff0\scala-parser-combinators_2.11-1.0.1.jar;C:\Users\MrUser\.gradle\caches\modules-2\files-2.1\org.scala-lang\scala-reflect\2.11.5\69ce65b0f0767c4e5eafaf789fdde7aab78bd9d\scala-reflect-2.11.5.jar;C:\Users\MrUser\.gradle\caches\modules-2\files-2.1\org.scala-lang\scala-swing_2.11\1.0.1\b1cdd92bd47b1e1837139c1c53020e86bb9112ae\scala-swing_2.11-1.0.1.jar;C:\Users\MrUser\.gradle\caches\modules-2\files-2.1\org.scala-lang\scala-xml_2.11\1.0.2\7a80ec00aec122fba7cd4e0d4cdd87ff7e4cb6d0\scala-xml_2.11-1.0.2.jar;C:\Users\MrUser\.gradle\caches\modules-2\files-2.1\lzma\lzma\0.0.1\521616dc7487b42bef0e803bd2fa3faf668101d7\lzma-0.0.1.jar;C:\Users\MrUser\.gradle\caches\modules-2\files-2.1\org.ow2.asm\asm-debug-all\5.0.3\f9e364ae2a66ce2a543012a4668856e84e5dab74\asm-debug-all-5.0.3.jar;C:\Users\MrUser\.gradle\caches\modules-2\files-2.1\com.paulscode\codecjorbis\20101023\c73b5636faf089d9f00e8732a829577de25237ee\codecjorbis-20101023.jar;C:\Users\MrUser\.gradle\caches\modules-2\files-2.1\com.paulscode\codecwav\20101023\12f031cfe88fef5c1dd36c563c0a3a69bd7261da\codecwav-20101023.jar;C:\Users\MrUser\.gradle\caches\modules-2\files-2.1\com.paulscode\libraryjavasound\20101123\5c5e304366f75f9eaa2e8cca546a1fb6109348b3\libraryjavasound-20101123.jar;C:\Users\MrUser\.gradle\caches\modules-2\files-2.1\com.paulscode\librarylwjglopenal\20100824\73e80d0794c39665aec3f62eee88ca91676674ef\librarylwjglopenal-20100824.jar;C:\Users\MrUser\.gradle\caches\modules-2\files-2.1\com.paulscode\soundsystem\20120107\419c05fe9be71f792b2d76cfc9b67f1ed0fec7f6\soundsystem-20120107.jar;C:\Users\MrUser\.gradle\caches\modules-2\files-2.1\com.mojang\netty\1.8.8\a796914d1c8a55b4da9f4a8856dd9623375d8bb\netty-1.8.8.jar;C:\Users\MrUser\.gradle\caches\modules-2\files-2.1\com.mojang\realms\1.3.5\807ae355ee63583becd7ea60e76aab1532bb42e\realms-1.3.5.jar;C:\Users\MrUser\.gradle\caches\modules-2\files-2.1\org.apache.commons\commons-compress\1.8.1\a698750c16740fd5b3871425f4cb3bbaa87f529d\commons-compress-1.8.1.jar;C:\Users\MrUser\.gradle\caches\modules-2\files-2.1\org.apache.httpcomponents\httpclient\4.3.3\18f4247ff4572a074444572cee34647c43e7c9c7\httpclient-4.3.3.jar;C:\Users\MrUser\.gradle\caches\modules-2\files-2.1\commons-logging\commons-logging\1.1.3\f6f66e966c70a83ffbdb6f17a0919eaf7c8aca7f\commons-logging-1.1.3.jar;C:\Users\MrUser\.gradle\caches\modules-2\files-2.1\org.apache.httpcomponents\httpcore\4.3.2\31fbbff1ddbf98f3aa7377c94d33b0447c646b6e\httpcore-4.3.2.jar;C:\Users\MrUser\.gradle\caches\modules-2\files-2.1\java3d\vecmath\1.3.1\a0ae4f51da409fa0c20fa0ca59e6bbc9413ae71d\vecmath-1.3.1.jar;C:\Users\MrUser\.gradle\caches\modules-2\files-2.1\net.sf.trove4j\trove4j\3.0.3\42ccaf4761f0dfdfa805c9e340d99a755907e2dd\trove4j-3.0.3.jar;C:\Users\MrUser\.gradle\caches\modules-2\files-2.1\com.ibm.icu\icu4j-core-mojang\51.2\63d216a9311cca6be337c1e458e587f99d382b84\icu4j-core-mojang-51.2.jar;C:\Users\MrUser\.gradle\caches\modules-2\files-2.1\net.sf.jopt-simple\jopt-simple\4.5\6065cc95c661255349c1d0756657be17c29a4fd3\jopt-simple-4.5.jar;C:\Users\MrUser\.gradle\caches\modules-2\files-2.1\io.netty\netty-all\4.0.10.Final\9e50bd52ffe257a0e2cd8d971688d6ce7d174325\netty-all-4.0.10.Final.jar;C:\Users\MrUser\.gradle\caches\modules-2\files-2.1\com.google.guava\guava\17.0\9c6ef172e8de35fd8d4d8783e4821e57cdef7445\guava-17.0.jar;C:\Users\MrUser\.gradle\caches\modules-2\files-2.1\org.apache.commons\commons-lang3\3.3.2\90a3822c38ec8c996e84c16a3477ef632cbc87a3\commons-lang3-3.3.2.jar;C:\Users\MrUser\.gradle\caches\modules-2\files-2.1\commons-io\commons-io\2.4\b1b6ea3b7e4aa4f492509a4952029cd8e48019ad\commons-io-2.4.jar;C:\Users\MrUser\.gradle\caches\modules-2\files-2.1\commons-codec\commons-codec\1.9\9ce04e34240f674bc72680f8b843b1457383161a\commons-codec-1.9.jar;C:\Users\MrUser\.gradle\caches\modules-2\files-2.1\net.java.jinput\jinput\2.0.5\39c7796b469a600f72380316f6b1f11db6c2c7c4\jinput-2.0.5.jar;C:\Users\MrUser\.gradle\caches\modules-2\files-2.1\net.java.jutils\jutils\1.0.0\e12fe1fda814bd348c1579329c86943d2cd3c6a6\jutils-1.0.0.jar;C:\Users\MrUser\.gradle\caches\modules-2\files-2.1\com.google.code.gson\gson\2.2.4\a60a5e993c98c864010053cb901b7eab25306568\gson-2.2.4.jar;C:\Users\MrUser\.gradle\caches\modules-2\files-2.1\org.apache.logging.log4j\log4j-api\2.0-beta9-fixed\b61eaf2e64d8b0277e188262a8b771bbfa1502b3\log4j-api-2.0-beta9-fixed.jar;C:\Users\MrUser\.gradle\caches\modules-2\files-2.1\org.apache.logging.log4j\log4j-core\2.0-beta9-fixed\677991ea2d7426f76309a73739cecf609679492c\log4j-core-2.0-beta9-fixed.jar;C:\Users\MrUser\.gradle\caches\modules-2\files-2.1\net.java.jinput\jinput-platform\2.0.5\385ee093e01f587f30ee1c8a2ee7d408fd732e16\jinput-platform-2.0.5-natives-windows.jar;C:\Users\MrUser\.gradle\caches\modules-2\files-2.1\net.java.jinput\jinput-platform\2.0.5\7ff832a6eb9ab6a767f1ade2b548092d0fa64795\jinput-platform-2.0.5-natives-linux.jar;C:\Users\MrUser\.gradle\caches\modules-2\files-2.1\net.java.jinput\jinput-platform\2.0.5\53f9c919f34d2ca9de8c51fc4e1e8282029a9232\jinput-platform-2.0.5-natives-osx.jar;C:\Users\MrUser\.gradle\caches\modules-2\files-2.1\tv.twitch\twitch\5.16\1f55f009c61637c10c0acfb8b5ffc600f30044b4\twitch-5.16.jar;C:\Users\MrUser\.gradle\caches\modules-2\files-2.1\tv.twitch\twitch-platform\5.16\39d0c3d363735b4785598e0e7fbf8297c706a9f9\twitch-platform-5.16-natives-windows-64.jar;C:\Users\MrUser\.gradle\caches\modules-2\files-2.1\tv.twitch\twitch-platform\5.16\7c6affe439099806a4f552da14c42f9d643d8b23\twitch-platform-5.16-natives-windows-32.jar;C:\Users\MrUser\.gradle\caches\modules-2\files-2.1\tv.twitch\twitch-platform\5.16\62503ee712766cf77f97252e5902786fd834b8c5\twitch-platform-5.16-natives-osx.jar;C:\Users\MrUser\.gradle\caches\modules-2\files-2.1\tv.twitch\twitch-external-platform\4.5\c3cde57891b935d41b6680a9c5e1502eeab76d86\twitch-external-platform-4.5-natives-windows-64.jar;C:\Users\MrUser\.gradle\caches\modules-2\files-2.1\tv.twitch\twitch-external-platform\4.5\18215140f010c05b9f86ef6f0f8871954d2ccebf\twitch-external-platform-4.5-natives-windows-32.jar;C:\Users\MrUser\Desktop\MinecraftDev\Psychedelicraft-Legacy-1.7.10\build\libs\Psychedelicraft-1.5.4-dev.jar;C:\Users\MrUser\.gradle\caches\modules-2\files-2.1\com.github.quentin452\IvToolkit\V1.2.2\df62c8bf06af4dfb661c0bc86e58e991585102a1\IvToolkit-V1.2.2.jar;C:\Users\MrUser\.gradle\caches\modules-2\files-2.1\org.eclipse.jgit\org.eclipse.jgit\6.8.0.202311291450-r\a665a8ad3a3fbeaee292d5927d204ffe8f6aa23d\org.eclipse.jgit-6.8.0.202311291450-r.jar;C:\Users\MrUser\.gradle\caches\modules-2\files-2.1\com.github.GTNewHorizons\NotEnoughItems\2.7.4-GTNH\86b7c28a7e2a357ec04763ce60cfc4f3b85135db\NotEnoughItems-2.7.4-GTNH-dev.jar;C:\Users\MrUser\.gradle\caches\modules-2\files-2.1\commons-codec\commons-codec\1.16.0\4e3eb3d79888d76b54e28b350915b5dc3919c9de\commons-codec-1.16.0.jar;C:\Users\MrUser\.gradle\caches\modules-2\files-2.1\com.googlecode.javaewah\JavaEWAH\1.2.3\13a27c856e0c8808cee9a64032c58eee11c3adc9\JavaEWAH-1.2.3.jar;C:\Users\MrUser\.gradle\caches\modules-2\files-2.1\org.slf4j\slf4j-api\1.7.36\6c62681a2f655b49963a5983b8b0950a6120ae14\slf4j-api-1.7.36.jar;C:\Users\MrUser\.gradle\caches\modules-2\files-2.1\com.github.GTNewHorizons\CodeChickenCore\1.4.0\a680e0f45e839e1b3c27e5b4ae99da860a5cfb0e\CodeChickenCore-1.4.0-dev.jar
[23:24:59] [main/DEBUG] [FML/]: Java library path at launch is C:\Users\MrUser\Desktop\MinecraftDev\Psychedelicraft-Legacy-1.7.10\run\natives\lwjgl2;C:\Program Files\Eclipse Adoptium\jdk-17.0.18.8-hotspot\bin;C:\Windows\Sun\Java\bin;C:\Windows\system32;C:\Windows;C:\Users\MrUser\AppData\Local\Programs\Python\Python314\Scripts\;C:\Users\MrUser\AppData\Local\Programs\Python\Python314\;C:\Program Files\Eclipse Adoptium\jdk-17.0.18.8-hotspot\bin;C:\Windows\system32;C:\Windows;C:\Windows\System32\Wbem;C:\Windows\System32\WindowsPowerShell\v1.0\;C:\Windows\System32\OpenSSH\;C:\Program Files\NVIDIA Corporation\NVIDIA App\NvDLISR;C:\Program Files (x86)\NVIDIA Corporation\PhysX\Common;C:\Program Files\Git\cmd;C:\Program Files\nodejs\;C:\ProgramData\chocolatey\bin;C:\Users\MrUser\.local\bin;C:\Users\MrUser\AppData\Local\Microsoft\WindowsApps;D:\Program\cursor\resources\app\bin;C:\Program Files\Eclipse Adoptium\jdk-17.0.18.8-hotspot\bin;D:\Program\Antigravity\bin;C:\Users\MrUser\.lmstudio\bin;C:\Users\MrUser\AppData\Roaming\npm;c:\Users\MrUser\.antigravity\extensions\vscjava.vscode-java-debug-0.59.0-universal\bundled\scripts\noConfigScripts;.
[23:24:59] [main/INFO] [FML/]: Managed to load a deobfuscated Minecraft name- we are in a deobfuscated environment. Skipping runtime deobfuscation
[23:24:59] [main/DEBUG] [FML/]: Instantiating coremod class FMLCorePlugin
[23:24:59] [main/DEBUG] [FML/]: Added access transformer class cpw.mods.fml.common.asm.transformers.AccessTransformer to enqueued access transformers
[23:24:59] [main/DEBUG] [FML/]: Enqueued coremod FMLCorePlugin
[23:24:59] [main/DEBUG] [FML/]: Instantiating coremod class FMLForgePlugin
[23:24:59] [main/DEBUG] [FML/]: Added access transformer class net.minecraftforge.transformers.ForgeAccessTransformer to enqueued access transformers
[23:24:59] [main/DEBUG] [FML/]: Enqueued coremod FMLForgePlugin
[23:24:59] [main/DEBUG] [FML/]: All fundamental core mods are successfully located
[23:24:59] [main/INFO] [FML/]: Found a command line coremod : codechicken.nei.asm.NEICorePlugin
[23:24:59] [main/DEBUG] [FML/]: Instantiating coremod class NEICorePlugin
[23:24:59] [main/DEBUG] [FML/]: The coremod codechicken.nei.asm.NEICorePlugin requested minecraft version 1.7.10 and minecraft is 1.7.10. It will be loaded.
[23:24:59] [main/DEBUG] [FML/]: Enqueued coremod NEICorePlugin
[23:24:59] [main/INFO] [FML/]: Found a command line coremod : ivorius.psychedelicraftcore.PsychedelicraftLoadingPlugin
[23:24:59] [main/DEBUG] [FML/]: Instantiating coremod class PsychedelicraftLoadingPlugin
[23:24:59] [main/TRACE] [FML/]: coremod named Psychedelicraft Core is loading
[23:24:59] [main/DEBUG] [FML/]: The coremod ivorius.psychedelicraftcore.PsychedelicraftLoadingPlugin requested minecraft version 1.7.10 and minecraft is 1.7.10. It will be loaded.
[23:24:59] [main/DEBUG] [FML/]: Enqueued coremod Psychedelicraft Core
[23:24:59] [main/INFO] [FML/]: Found a command line coremod : codechicken.core.launch.CodeChickenCorePlugin
[23:24:59] [main/DEBUG] [FML/]: Instantiating coremod class CodeChickenCorePlugin
[23:24:59] [main/DEBUG] [FML/]: The coremod codechicken.core.launch.CodeChickenCorePlugin requested minecraft version 1.7.10 and minecraft is 1.7.10. It will be loaded.
[23:24:59] [main/DEBUG] [FML/]: Added access transformer class codechicken.core.asm.CodeChickenAccessTransformer to enqueued access transformers
[23:24:59] [main/DEBUG] [FML/]: Enqueued coremod CodeChickenCorePlugin
[23:24:59] [main/DEBUG] [FML/]: Attempting to load commandline specified mods, relative to C:\Users\MrUser\Desktop\MinecraftDev\Psychedelicraft-Legacy-1.7.10\run
[23:24:59] [main/DEBUG] [FML/]: Discovering coremods
[23:24:59] [main/INFO] [LaunchWrapper/]: Calling tweak class net.minecraftforge.gradle.tweakers.CoremodTweaker
[23:24:59] [main/INFO] [GradleStart/]: Injecting location in coremod cpw.mods.fml.relauncher.FMLCorePlugin
[23:24:59] [main/INFO] [GradleStart/]: Injecting location in coremod net.minecraftforge.classloading.FMLForgePlugin
[23:24:59] [main/INFO] [GradleStart/]: Injecting location in coremod codechicken.core.asm.MCPDeobfuscationTransformer.LoadPlugin
[23:24:59] [main/INFO] [GradleStart/]: Injecting location in coremod codechicken.nei.asm.NEICorePlugin
[23:24:59] [main/INFO] [GradleStart/]: Injecting location in coremod ivorius.psychedelicraftcore.PsychedelicraftLoadingPlugin
[23:24:59] [main/INFO] [GradleStart/]: Injecting location in coremod codechicken.core.launch.CodeChickenCorePlugin
[23:24:59] [main/INFO] [LaunchWrapper/]: Loading tweak class name cpw.mods.fml.common.launcher.FMLInjectionAndSortingTweaker
[23:24:59] [main/INFO] [LaunchWrapper/]: Loading tweak class name cpw.mods.fml.common.launcher.FMLDeobfTweaker
[23:24:59] [main/INFO] [LaunchWrapper/]: Loading tweak class name net.minecraftforge.gradle.tweakers.AccessTransformerTweaker
[23:24:59] [main/INFO] [LaunchWrapper/]: Calling tweak class cpw.mods.fml.common.launcher.FMLInjectionAndSortingTweaker
[23:24:59] [main/INFO] [LaunchWrapper/]: Calling tweak class cpw.mods.fml.common.launcher.FMLInjectionAndSortingTweaker
[23:24:59] [main/INFO] [LaunchWrapper/]: Calling tweak class cpw.mods.fml.relauncher.CoreModManager$FMLPluginWrapper
[23:24:59] [main/DEBUG] [FML/]: Injecting coremod FMLCorePlugin {cpw.mods.fml.relauncher.FMLCorePlugin} class transformers
[23:24:59] [main/TRACE] [FML/]: Registering transformer cpw.mods.fml.common.asm.transformers.MarkerTransformer
[23:24:59] [main/TRACE] [FML/]: Registering transformer cpw.mods.fml.common.asm.transformers.SideTransformer
[23:24:59] [main/TRACE] [FML/]: Registering transformer cpw.mods.fml.common.asm.transformers.EventSubscriptionTransformer
[23:24:59] [main/DEBUG] [FML/]: Injection complete
[23:24:59] [main/DEBUG] [FML/]: Running coremod plugin for FMLCorePlugin {cpw.mods.fml.relauncher.FMLCorePlugin}
[23:24:59] [main/DEBUG] [FML/]: Running coremod plugin FMLCorePlugin
[23:24:59] [main/ERROR] [FML/]: The binary patch set is missing. Either you are in a development environment, or things are not going to work!
[23:25:00] [main/ERROR] [FML/]: FML appears to be missing any signature data. This is not a good thing
[23:25:00] [main/DEBUG] [FML/]: Coremod plugin class FMLCorePlugin run successfully
[23:25:00] [main/INFO] [LaunchWrapper/]: Calling tweak class cpw.mods.fml.relauncher.CoreModManager$FMLPluginWrapper
[23:25:00] [main/DEBUG] [FML/]: Injecting coremod FMLForgePlugin {net.minecraftforge.classloading.FMLForgePlugin} class transformers
[23:25:00] [main/TRACE] [FML/]: Registering transformer net.minecraftforge.classloading.FluidIdTransformer
[23:25:00] [main/DEBUG] [FML/]: Injection complete
[23:25:00] [main/DEBUG] [FML/]: Running coremod plugin for FMLForgePlugin {net.minecraftforge.classloading.FMLForgePlugin}
[23:25:00] [main/DEBUG] [FML/]: Running coremod plugin FMLForgePlugin
[23:25:00] [main/DEBUG] [FML/]: Coremod plugin class FMLForgePlugin run successfully
[23:25:00] [main/INFO] [LaunchWrapper/]: Calling tweak class cpw.mods.fml.relauncher.CoreModManager$FMLPluginWrapper
[23:25:00] [main/DEBUG] [FML/]: Injecting coremod CCCDeobfPlugin {codechicken.core.asm.MCPDeobfuscationTransformer$LoadPlugin} class transformers
[23:25:00] [main/DEBUG] [FML/]: Injection complete
[23:25:00] [main/DEBUG] [FML/]: Running coremod plugin for CCCDeobfPlugin {codechicken.core.asm.MCPDeobfuscationTransformer$LoadPlugin}
[23:25:00] [main/DEBUG] [FML/]: Running coremod plugin CCCDeobfPlugin
[23:25:00] [main/DEBUG] [FML/]: Coremod plugin class LoadPlugin run successfully
[23:25:00] [main/INFO] [LaunchWrapper/]: Calling tweak class cpw.mods.fml.relauncher.CoreModManager$FMLPluginWrapper
[23:25:00] [main/DEBUG] [FML/]: Injecting coremod NEICorePlugin {codechicken.nei.asm.NEICorePlugin} class transformers
[23:25:00] [main/TRACE] [FML/]: Registering transformer codechicken.nei.asm.NEITransformer
[23:25:00] [main/DEBUG] [FML/]: Injection complete
[23:25:00] [main/DEBUG] [FML/]: Running coremod plugin for NEICorePlugin {codechicken.nei.asm.NEICorePlugin}
[23:25:00] [main/DEBUG] [FML/]: Running coremod plugin NEICorePlugin
[23:25:00] [main/DEBUG] [FML/]: Coremod plugin class NEICorePlugin run successfully
[23:25:00] [main/INFO] [LaunchWrapper/]: Calling tweak class cpw.mods.fml.relauncher.CoreModManager$FMLPluginWrapper
[23:25:00] [main/DEBUG] [FML/]: Injecting coremod CodeChickenCorePlugin {codechicken.core.launch.CodeChickenCorePlugin} class transformers
[23:25:00] [main/TRACE] [FML/]: Registering transformer codechicken.lib.asm.ClassHeirachyManager
[23:25:00] [main/TRACE] [FML/]: Registering transformer codechicken.core.asm.TweakTransformer
[23:25:00] [main/TRACE] [FML/]: Registering transformer codechicken.core.asm.DelegatedTransformer
[23:25:00] [main/TRACE] [FML/]: Registering transformer codechicken.core.asm.DefaultImplementationTransformer
[23:25:00] [main/TRACE] [FML/]: Registering transformer codechicken.lib.asm.RedirectorTransformer
[23:25:00] [main/DEBUG] [FML/]: Injection complete
[23:25:00] [main/DEBUG] [FML/]: Running coremod plugin for CodeChickenCorePlugin {codechicken.core.launch.CodeChickenCorePlugin}
[23:25:00] [main/DEBUG] [FML/]: Running coremod plugin CodeChickenCorePlugin
[23:25:00] [main/DEBUG] [FML/]: Coremod plugin class CodeChickenCorePlugin run successfully
[23:25:00] [main/INFO] [LaunchWrapper/]: Calling tweak class cpw.mods.fml.common.launcher.FMLDeobfTweaker
[23:25:00] [main/DEBUG] [FML/]: Loaded 57 rules from AccessTransformer config file fml_at.cfg
[23:25:00] [main/DEBUG] [FML/]: Loaded 89 rules from AccessTransformer config file forge_at.cfg
[23:25:00] [main/DEBUG] [FML/]: Loaded 57 rules from AccessTransformer config file fml_at.cfg
[23:25:00] [main/DEBUG] [FML/]: Loaded 13 rules from AccessTransformer mod jar file C:\Users\MrUser\.gradle\caches\modules-2\files-2.1\com.github.GTNewHorizons\NotEnoughItems\2.7.4-GTNH\86b7c28a7e2a357ec04763ce60cfc4f3b85135db\NotEnoughItems-2.7.4-GTNH-dev.jar!META-INF/nei_at.cfg

[23:25:00] [main/DEBUG] [FML/]: Validating minecraft
[23:25:00] [main/DEBUG] [FML/]: Minecraft validated, launching...
[23:25:00] [main/INFO] [LaunchWrapper/]: Calling tweak class net.minecraftforge.gradle.tweakers.AccessTransformerTweaker
[23:25:00] [main/DEBUG] [GradleStart/]: Reading CSV file: C:\Users\MrUser\.gradle\caches\minecraft\net\minecraftforge\forge\1.7.10-10.13.4.1614-1.7.10\unpacked\conf\fields.csv
[23:25:00] [main/DEBUG] [GradleStart/]: Reading CSV file: C:\Users\MrUser\.gradle\caches\minecraft\net\minecraftforge\forge\1.7.10-10.13.4.1614-1.7.10\unpacked\conf\methods.csv
[23:25:00] [main/INFO] [GradleStart/]: Remapping AccessTransformer rules...
[23:25:00] [main/INFO] [LaunchWrapper/]: Calling tweak class cpw.mods.fml.relauncher.CoreModManager$FMLPluginWrapper
[23:25:00] [main/DEBUG] [FML/]: Injecting coremod Psychedelicraft Core {ivorius.psychedelicraftcore.PsychedelicraftLoadingPlugin} class transformers
[23:25:00] [main/TRACE] [FML/]: Registering transformer ivorius.psychedelicraftcore.PsychedelicraftClassTransformer
[23:25:00] [main/DEBUG] [FML/]: Injection complete
[23:25:00] [main/DEBUG] [FML/]: Running coremod plugin for Psychedelicraft Core {ivorius.psychedelicraftcore.PsychedelicraftLoadingPlugin}
[23:25:00] [main/DEBUG] [FML/]: Running coremod plugin Psychedelicraft Core
[23:25:00] [main/DEBUG] [FML/]: Coremod plugin class PsychedelicraftLoadingPlugin run successfully
[23:25:00] [main/INFO] [LaunchWrapper/]: Loading tweak class name cpw.mods.fml.common.launcher.TerminalTweaker
[23:25:00] [main/INFO] [LaunchWrapper/]: Calling tweak class cpw.mods.fml.common.launcher.TerminalTweaker
[23:25:00] [main/INFO] [LaunchWrapper/]: Launching wrapped minecraft {net.minecraft.client.main.Main}
[23:25:01] [main/DEBUG] [CCL ASM/]: Writing method [net/minecraft/block/Block.canBeReplacedByLeaves(Lnet/minecraft/world/IBlockAccess;III)Z]
[23:25:01] [main/DEBUG] [CCL ASM/]: Writing method [net/minecraft/block/BlockMobSpawner.onBlockPlacedBy(Lnet/minecraft/world/World;IIILnet/minecraft/entity/EntityLivingBase;Lnet/minecraft/item/ItemStack;)V]
[23:25:01] [main/DEBUG] [CCL ASM/]: Injecting before method [net/minecraft/nbt/NBTTagCompound.toString()Ljava/lang/String;] @ 51 - 55
[23:25:02] [main/DEBUG] [CCL ASM/]: Injecting before method [net/minecraft/nbt/NBTTagList.toString()Ljava/lang/String;] @ 56 - 60
[23:25:02] [Client thread/DEBUG] [CCL ASM/]: Replacing method [net/minecraft/client/renderer/entity/RenderItem.renderGlint(IIIII)V] @ 7 - 16
[23:25:02] [Client thread/DEBUG] [FML/]: Bar Finished: Loading Resource - LanguageManager took 0,008s
[23:25:02] [Client thread/INFO] [STDOUT/]: [cpw.mods.fml.client.SplashProgress:start:188]: ---- Minecraft Crash Report ----
// Why did you do that?

Time: 15.05.26 23:25
Description: Loading screen debug info

This is just a prompt for computer specs to be printed. THIS IS NOT A ERROR


A detailed walkthrough of the error, its code path and all known details is as follows:
---------------------------------------------------------------------------------------

-- System Details --
Details:
	Minecraft Version: 1.7.10
	Operating System: Windows 10 (amd64) version 10.0
	Java Version: 1.8.0_492, Azul Systems, Inc.
	Java VM Version: OpenJDK 64-Bit Server VM (mixed mode), Azul Systems, Inc.
	Memory: 1065341912 bytes (1015 MB) / 1297612800 bytes (1237 MB) up to 5726797824 bytes (5461 MB)
	JVM Flags: 3 total; -Xverify:none -Xms1G -Xmx6G
	AABB Pool Size: 0 (0 bytes; 0 MB) allocated, 0 (0 bytes; 0 MB) used
	IntCache: cache: 0, tcache: 0, allocated: 0, tallocated: 0
	FML: 
	GL info: ' Vendor: 'NVIDIA Corporation' Version: '4.6.0 NVIDIA 591.86' Renderer: 'NVIDIA GeForce RTX 3060 Laptop GPU/PCIe/SSE2'
[23:25:02] [Client thread/INFO] [MinecraftForge/]: Attempting early MinecraftForge initialization
[23:25:02] [Client thread/INFO] [FML/]: MinecraftForge v10.13.4.1614 Initialized
[23:25:02] [Client thread/DEBUG] [OreDictionaryVisitor/]: Patching getOreID
[23:25:02] [Client thread/TRACE] [OreDictionaryVisitor/]: Adding getOreID MONITERENTER
[23:25:02] [Client thread/TRACE] [OreDictionaryVisitor/]: Adding getOreID MONITEREXIT
[23:25:02] [Client thread/DEBUG] [OreDictionaryVisitor/]: Patching clinit
[23:25:02] [Client thread/TRACE] [OreDictionaryVisitor/]: Adding emptyEntryCreationLock initializer
[23:25:02] [Client thread/DEBUG] [OreDictionaryVisitor/]: Adding emptyEntryCreationLock
[23:25:02] [Client thread/INFO] [FML/]: Replaced 183 ore recipies
[23:25:03] [Client thread/INFO] [MinecraftForge/]: Completed early MinecraftForge initialization
[23:25:03] [Client thread/DEBUG] [FML/]: File C:\Users\MrUser\Desktop\MinecraftDev\Psychedelicraft-Legacy-1.7.10\run\config\injectedDependencies.json not found. No dependencies injected
[23:25:03] [Client thread/DEBUG] [FML/]: Building injected Mod Containers [cpw.mods.fml.common.FMLContainer, net.minecraftforge.common.ForgeModContainer, codechicken.nei.NEIModContainer, codechicken.core.asm.CodeChickenCoreModContainer, ivorius.psychedelicraftcore.PsychedelicraftCoreContainer]
[23:25:03] [Client thread/DEBUG] [FML/]: Attempting to load mods contained in the minecraft jar file and associated classes
[23:25:03] [Client thread/DEBUG] [FML/]: Found a minecraft related file at C:\Users\MrUser\.gradle\caches\modules-2\files-2.1\org.lwjgl.lwjgl\lwjgl\2.9.4-nightly-20150209\697517568c68e78ae0b4544145af031c81082dfe\lwjgl-2.9.4-nightly-20150209.jar, examining for mod candidates
[23:25:03] [Client thread/DEBUG] [FML/]: Found a minecraft related file at C:\Users\MrUser\.gradle\caches\modules-2\files-2.1\org.lwjgl.lwjgl\lwjgl_util\2.9.4-nightly-20150209\d51a7c040a721d13efdfbd34f8b257b2df882ad0\lwjgl_util-2.9.4-nightly-20150209.jar, examining for mod candidates
[23:25:03] [Client thread/DEBUG] [FML/]: Found a minecraft related file at C:\Users\MrUser\.gradle\caches\modules-2\files-2.1\org.lwjgl.lwjgl\lwjgl-platform\2.9.4-nightly-20150209\b84d5102b9dbfabfeb5e43c7e2828d98a7fc80e0\lwjgl-platform-2.9.4-nightly-20150209-natives-windows.jar, examining for mod candidates
[23:25:03] [Client thread/DEBUG] [FML/]: Found a minecraft related file at C:\Users\MrUser\Desktop\MinecraftDev\Psychedelicraft-Legacy-1.7.10\build\rfg\mclauncher-1.7.10.jar, examining for mod candidates
[23:25:03] [Client thread/DEBUG] [FML/]: Found a minecraft related file at C:\Users\MrUser\Desktop\MinecraftDev\Psychedelicraft-Legacy-1.7.10\build\rfg\recompiled_minecraft-1.7.10.jar, examining for mod candidates
[23:25:03] [Client thread/DEBUG] [FML/]: Found a minecraft related file at C:\Users\MrUser\.gradle\caches\modules-2\files-2.1\me.eigenraven.java8unsupported\java-8-unsupported-shim\1.0.0\2d0687782e2d091a6f3cf4709c54368fe6ab47e8\java-8-unsupported-shim-1.0.0.jar, examining for mod candidates
[23:25:03] [Client thread/DEBUG] [FML/]: Found a minecraft related file at C:\Users\MrUser\.gradle\caches\modules-2\files-2.1\net.minecraft\launchwrapper\1.12\111e7bea9c968cdb3d06ef4632bf7ff0824d0f36\launchwrapper-1.12.jar, examining for mod candidates
[23:25:03] [Client thread/DEBUG] [FML/]: Found a minecraft related file at C:\Users\MrUser\.gradle\caches\modules-2\files-2.1\com.mojang\authlib\1.5.21\aefba0d5b53fbcb70860bc8046ab95d5854c07a5\authlib-1.5.21.jar, examining for mod candidates
[23:25:03] [Client thread/DEBUG] [FML/]: Found a minecraft related file at C:\Users\MrUser\.gradle\caches\modules-2\files-2.1\com.google.code.findbugs\jsr305\2.0.1\516c03b21d50a644d538de0f0369c620989cd8f0\jsr305-2.0.1.jar, examining for mod candidates
[23:25:03] [Client thread/DEBUG] [FML/]: Found a minecraft related file at C:\Users\MrUser\.gradle\caches\modules-2\files-2.1\com.typesafe.akka\akka-actor_2.11\2.3.3\ed62e9fc709ca0f2ff1a3220daa8b70a2870078e\akka-actor_2.11-2.3.3.jar, examining for mod candidates
[23:25:03] [Client thread/DEBUG] [FML/]: Found a minecraft related file at C:\Users\MrUser\.gradle\caches\modules-2\files-2.1\com.typesafe\config\1.2.1\f771f71fdae3df231bcd54d5ca2d57f0bf93f467\config-1.2.1.jar, examining for mod candidates
[23:25:03] [Client thread/DEBUG] [FML/]: Found a minecraft related file at C:\Users\MrUser\.gradle\caches\modules-2\files-2.1\org.scala-lang\scala-actors-migration_2.11\1.1.0\dfa8bc42b181d5b9f1a5dd147f8ae308b893eb6f\scala-actors-migration_2.11-1.1.0.jar, examining for mod candidates
[23:25:03] [Client thread/DEBUG] [FML/]: Found a minecraft related file at C:\Users\MrUser\.gradle\caches\modules-2\files-2.1\org.scala-lang\scala-compiler\2.11.5\eb2631e425d240f55ffc060c3262caa4d05d8d1a\scala-compiler-2.11.5.jar, examining for mod candidates
[23:25:03] [Client thread/DEBUG] [FML/]: Found a minecraft related file at C:\Users\MrUser\.gradle\caches\modules-2\files-2.1\org.scala-lang.plugins\scala-continuations-library_2.11\1.0.2\e517c53a7e9acd6b1668c5a35eccbaa3bab9aac\scala-continuations-library_2.11-1.0.2.jar, examining for mod candidates
[23:25:03] [Client thread/DEBUG] [FML/]: Found a minecraft related file at C:\Users\MrUser\.gradle\caches\modules-2\files-2.1\org.scala-lang.plugins\scala-continuations-plugin_2.11.1\1.0.2\f361a3283452c57fa30c1ee69448995de23c60f7\scala-continuations-plugin_2.11.1-1.0.2.jar, examining for mod candidates
[23:25:03] [Client thread/DEBUG] [FML/]: Found a minecraft related file at C:\Users\MrUser\.gradle\caches\modules-2\files-2.1\org.scala-lang\scala-library\2.11.5\a5544bb030c5e6c3d81ad116b7dc5024f047df26\scala-library-2.11.5.jar, examining for mod candidates
[23:25:03] [Client thread/DEBUG] [FML/]: Found a minecraft related file at C:\Users\MrUser\.gradle\caches\modules-2\files-2.1\org.scala-lang\scala-parser-combinators_2.11\1.0.1\f05d7345bf5a58924f2837c6c1f4d73a938e1ff0\scala-parser-combinators_2.11-1.0.1.jar, examining for mod candidates
[23:25:03] [Client thread/DEBUG] [FML/]: Found a minecraft related file at C:\Users\MrUser\.gradle\caches\modules-2\files-2.1\org.scala-lang\scala-reflect\2.11.5\69ce65b0f0767c4e5eafaf789fdde7aab78bd9d\scala-reflect-2.11.5.jar, examining for mod candidates
[23:25:03] [Client thread/DEBUG] [FML/]: Found a minecraft related file at C:\Users\MrUser\.gradle\caches\modules-2\files-2.1\org.scala-lang\scala-swing_2.11\1.0.1\b1cdd92bd47b1e1837139c1c53020e86bb9112ae\scala-swing_2.11-1.0.1.jar, examining for mod candidates
[23:25:03] [Client thread/DEBUG] [FML/]: Found a minecraft related file at C:\Users\MrUser\.gradle\caches\modules-2\files-2.1\org.scala-lang\scala-xml_2.11\1.0.2\7a80ec00aec122fba7cd4e0d4cdd87ff7e4cb6d0\scala-xml_2.11-1.0.2.jar, examining for mod candidates
[23:25:03] [Client thread/DEBUG] [FML/]: Found a minecraft related file at C:\Users\MrUser\.gradle\caches\modules-2\files-2.1\lzma\lzma\0.0.1\521616dc7487b42bef0e803bd2fa3faf668101d7\lzma-0.0.1.jar, examining for mod candidates
[23:25:03] [Client thread/DEBUG] [FML/]: Found a minecraft related file at C:\Users\MrUser\.gradle\caches\modules-2\files-2.1\org.ow2.asm\asm-debug-all\5.0.3\f9e364ae2a66ce2a543012a4668856e84e5dab74\asm-debug-all-5.0.3.jar, examining for mod candidates
[23:25:03] [Client thread/DEBUG] [FML/]: Found a minecraft related file at C:\Users\MrUser\.gradle\caches\modules-2\files-2.1\com.paulscode\codecjorbis\20101023\c73b5636faf089d9f00e8732a829577de25237ee\codecjorbis-20101023.jar, examining for mod candidates
[23:25:03] [Client thread/DEBUG] [FML/]: Found a minecraft related file at C:\Users\MrUser\.gradle\caches\modules-2\files-2.1\com.paulscode\codecwav\20101023\12f031cfe88fef5c1dd36c563c0a3a69bd7261da\codecwav-20101023.jar, examining for mod candidates
[23:25:03] [Client thread/DEBUG] [FML/]: Found a minecraft related file at C:\Users\MrUser\.gradle\caches\modules-2\files-2.1\com.paulscode\libraryjavasound\20101123\5c5e304366f75f9eaa2e8cca546a1fb6109348b3\libraryjavasound-20101123.jar, examining for mod candidates
[23:25:03] [Client thread/DEBUG] [FML/]: Found a minecraft related file at C:\Users\MrUser\.gradle\caches\modules-2\files-2.1\com.paulscode\librarylwjglopenal\20100824\73e80d0794c39665aec3f62eee88ca91676674ef\librarylwjglopenal-20100824.jar, examining for mod candidates
[23:25:03] [Client thread/DEBUG] [FML/]: Found a minecraft related file at C:\Users\MrUser\.gradle\caches\modules-2\files-2.1\com.paulscode\soundsystem\20120107\419c05fe9be71f792b2d76cfc9b67f1ed0fec7f6\soundsystem-20120107.jar, examining for mod candidates
[23:25:03] [Client thread/DEBUG] [FML/]: Found a minecraft related file at C:\Users\MrUser\.gradle\caches\modules-2\files-2.1\com.mojang\netty\1.8.8\a796914d1c8a55b4da9f4a8856dd9623375d8bb\netty-1.8.8.jar, examining for mod candidates
[23:25:03] [Client thread/DEBUG] [FML/]: Found a minecraft related file at C:\Users\MrUser\.gradle\caches\modules-2\files-2.1\com.mojang\realms\1.3.5\807ae355ee63583becd7ea60e76aab1532bb42e\realms-1.3.5.jar, examining for mod candidates
[23:25:03] [Client thread/DEBUG] [FML/]: Found a minecraft related file at C:\Users\MrUser\.gradle\caches\modules-2\files-2.1\org.apache.commons\commons-compress\1.8.1\a698750c16740fd5b3871425f4cb3bbaa87f529d\commons-compress-1.8.1.jar, examining for mod candidates
[23:25:03] [Client thread/DEBUG] [FML/]: Found a minecraft related file at C:\Users\MrUser\.gradle\caches\modules-2\files-2.1\org.apache.httpcomponents\httpclient\4.3.3\18f4247ff4572a074444572cee34647c43e7c9c7\httpclient-4.3.3.jar, examining for mod candidates
[23:25:03] [Client thread/DEBUG] [FML/]: Found a minecraft related file at C:\Users\MrUser\.gradle\caches\modules-2\files-2.1\commons-logging\commons-logging\1.1.3\f6f66e966c70a83ffbdb6f17a0919eaf7c8aca7f\commons-logging-1.1.3.jar, examining for mod candidates
[23:25:03] [Client thread/DEBUG] [FML/]: Found a minecraft related file at C:\Users\MrUser\.gradle\caches\modules-2\files-2.1\org.apache.httpcomponents\httpcore\4.3.2\31fbbff1ddbf98f3aa7377c94d33b0447c646b6e\httpcore-4.3.2.jar, examining for mod candidates
[23:25:03] [Client thread/DEBUG] [FML/]: Found a minecraft related file at C:\Users\MrUser\.gradle\caches\modules-2\files-2.1\java3d\vecmath\1.3.1\a0ae4f51da409fa0c20fa0ca59e6bbc9413ae71d\vecmath-1.3.1.jar, examining for mod candidates
[23:25:03] [Client thread/DEBUG] [FML/]: Found a minecraft related file at C:\Users\MrUser\.gradle\caches\modules-2\files-2.1\net.sf.trove4j\trove4j\3.0.3\42ccaf4761f0dfdfa805c9e340d99a755907e2dd\trove4j-3.0.3.jar, examining for mod candidates
[23:25:03] [Client thread/DEBUG] [FML/]: Found a minecraft related file at C:\Users\MrUser\.gradle\caches\modules-2\files-2.1\com.ibm.icu\icu4j-core-mojang\51.2\63d216a9311cca6be337c1e458e587f99d382b84\icu4j-core-mojang-51.2.jar, examining for mod candidates
[23:25:03] [Client thread/DEBUG] [FML/]: Found a minecraft related file at C:\Users\MrUser\.gradle\caches\modules-2\files-2.1\net.sf.jopt-simple\jopt-simple\4.5\6065cc95c661255349c1d0756657be17c29a4fd3\jopt-simple-4.5.jar, examining for mod candidates
[23:25:03] [Client thread/DEBUG] [FML/]: Found a minecraft related file at C:\Users\MrUser\.gradle\caches\modules-2\files-2.1\io.netty\netty-all\4.0.10.Final\9e50bd52ffe257a0e2cd8d971688d6ce7d174325\netty-all-4.0.10.Final.jar, examining for mod candidates
[23:25:03] [Client thread/DEBUG] [FML/]: Found a minecraft related file at C:\Users\MrUser\.gradle\caches\modules-2\files-2.1\com.google.guava\guava\17.0\9c6ef172e8de35fd8d4d8783e4821e57cdef7445\guava-17.0.jar, examining for mod candidates
[23:25:03] [Client thread/DEBUG] [FML/]: Found a minecraft related file at C:\Users\MrUser\.gradle\caches\modules-2\files-2.1\org.apache.commons\commons-lang3\3.3.2\90a3822c38ec8c996e84c16a3477ef632cbc87a3\commons-lang3-3.3.2.jar, examining for mod candidates
[23:25:03] [Client thread/DEBUG] [FML/]: Found a minecraft related file at C:\Users\MrUser\.gradle\caches\modules-2\files-2.1\commons-io\commons-io\2.4\b1b6ea3b7e4aa4f492509a4952029cd8e48019ad\commons-io-2.4.jar, examining for mod candidates
[23:25:03] [Client thread/DEBUG] [FML/]: Found a minecraft related file at C:\Users\MrUser\.gradle\caches\modules-2\files-2.1\commons-codec\commons-codec\1.9\9ce04e34240f674bc72680f8b843b1457383161a\commons-codec-1.9.jar, examining for mod candidates
[23:25:03] [Client thread/DEBUG] [FML/]: Found a minecraft related file at C:\Users\MrUser\.gradle\caches\modules-2\files-2.1\net.java.jinput\jinput\2.0.5\39c7796b469a600f72380316f6b1f11db6c2c7c4\jinput-2.0.5.jar, examining for mod candidates
[23:25:03] [Client thread/DEBUG] [FML/]: Found a minecraft related file at C:\Users\MrUser\.gradle\caches\modules-2\files-2.1\net.java.jutils\jutils\1.0.0\e12fe1fda814bd348c1579329c86943d2cd3c6a6\jutils-1.0.0.jar, examining for mod candidates
[23:25:03] [Client thread/DEBUG] [FML/]: Found a minecraft related file at C:\Users\MrUser\.gradle\caches\modules-2\files-2.1\com.google.code.gson\gson\2.2.4\a60a5e993c98c864010053cb901b7eab25306568\gson-2.2.4.jar, examining for mod candidates
[23:25:03] [Client thread/DEBUG] [FML/]: Found a minecraft related file at C:\Users\MrUser\.gradle\caches\modules-2\files-2.1\org.apache.logging.log4j\log4j-api\2.0-beta9-fixed\b61eaf2e64d8b0277e188262a8b771bbfa1502b3\log4j-api-2.0-beta9-fixed.jar, examining for mod candidates
[23:25:03] [Client thread/DEBUG] [FML/]: Found a minecraft related file at C:\Users\MrUser\.gradle\caches\modules-2\files-2.1\org.apache.logging.log4j\log4j-core\2.0-beta9-fixed\677991ea2d7426f76309a73739cecf609679492c\log4j-core-2.0-beta9-fixed.jar, examining for mod candidates
[23:25:03] [Client thread/DEBUG] [FML/]: Found a minecraft related file at C:\Users\MrUser\.gradle\caches\modules-2\files-2.1\net.java.jinput\jinput-platform\2.0.5\385ee093e01f587f30ee1c8a2ee7d408fd732e16\jinput-platform-2.0.5-natives-windows.jar, examining for mod candidates
[23:25:03] [Client thread/DEBUG] [FML/]: Found a minecraft related file at C:\Users\MrUser\.gradle\caches\modules-2\files-2.1\net.java.jinput\jinput-platform\2.0.5\7ff832a6eb9ab6a767f1ade2b548092d0fa64795\jinput-platform-2.0.5-natives-linux.jar, examining for mod candidates
[23:25:03] [Client thread/DEBUG] [FML/]: Found a minecraft related file at C:\Users\MrUser\.gradle\caches\modules-2\files-2.1\net.java.jinput\jinput-platform\2.0.5\53f9c919f34d2ca9de8c51fc4e1e8282029a9232\jinput-platform-2.0.5-natives-osx.jar, examining for mod candidates
[23:25:03] [Client thread/DEBUG] [FML/]: Found a minecraft related file at C:\Users\MrUser\.gradle\caches\modules-2\files-2.1\tv.twitch\twitch\5.16\1f55f009c61637c10c0acfb8b5ffc600f30044b4\twitch-5.16.jar, examining for mod candidates
[23:25:03] [Client thread/DEBUG] [FML/]: Found a minecraft related file at C:\Users\MrUser\.gradle\caches\modules-2\files-2.1\tv.twitch\twitch-platform\5.16\39d0c3d363735b4785598e0e7fbf8297c706a9f9\twitch-platform-5.16-natives-windows-64.jar, examining for mod candidates
[23:25:03] [Client thread/DEBUG] [FML/]: Found a minecraft related file at C:\Users\MrUser\.gradle\caches\modules-2\files-2.1\tv.twitch\twitch-platform\5.16\7c6affe439099806a4f552da14c42f9d643d8b23\twitch-platform-5.16-natives-windows-32.jar, examining for mod candidates
[23:25:03] [Client thread/DEBUG] [FML/]: Found a minecraft related file at C:\Users\MrUser\.gradle\caches\modules-2\files-2.1\tv.twitch\twitch-platform\5.16\62503ee712766cf77f97252e5902786fd834b8c5\twitch-platform-5.16-natives-osx.jar, examining for mod candidates
[23:25:03] [Client thread/DEBUG] [FML/]: Found a minecraft related file at C:\Users\MrUser\.gradle\caches\modules-2\files-2.1\tv.twitch\twitch-external-platform\4.5\c3cde57891b935d41b6680a9c5e1502eeab76d86\twitch-external-platform-4.5-natives-windows-64.jar, examining for mod candidates
[23:25:03] [Client thread/DEBUG] [FML/]: Found a minecraft related file at C:\Users\MrUser\.gradle\caches\modules-2\files-2.1\tv.twitch\twitch-external-platform\4.5\18215140f010c05b9f86ef6f0f8871954d2ccebf\twitch-external-platform-4.5-natives-windows-32.jar, examining for mod candidates
[23:25:03] [Client thread/DEBUG] [FML/]: Found a minecraft related file at C:\Users\MrUser\Desktop\MinecraftDev\Psychedelicraft-Legacy-1.7.10\build\libs\Psychedelicraft-1.5.4-dev.jar, examining for mod candidates
[23:25:03] [Client thread/DEBUG] [FML/]: Found a minecraft related file at C:\Users\MrUser\.gradle\caches\modules-2\files-2.1\com.github.quentin452\IvToolkit\V1.2.2\df62c8bf06af4dfb661c0bc86e58e991585102a1\IvToolkit-V1.2.2.jar, examining for mod candidates
[23:25:03] [Client thread/DEBUG] [FML/]: Found a minecraft related file at C:\Users\MrUser\.gradle\caches\modules-2\files-2.1\org.eclipse.jgit\org.eclipse.jgit\6.8.0.202311291450-r\a665a8ad3a3fbeaee292d5927d204ffe8f6aa23d\org.eclipse.jgit-6.8.0.202311291450-r.jar, examining for mod candidates
[23:25:03] [Client thread/DEBUG] [FML/]: Found a minecraft related file at C:\Users\MrUser\.gradle\caches\modules-2\files-2.1\com.github.GTNewHorizons\NotEnoughItems\2.7.4-GTNH\86b7c28a7e2a357ec04763ce60cfc4f3b85135db\NotEnoughItems-2.7.4-GTNH-dev.jar, examining for mod candidates
[23:25:03] [Client thread/DEBUG] [FML/]: Found a minecraft related file at C:\Users\MrUser\.gradle\caches\modules-2\files-2.1\commons-codec\commons-codec\1.16.0\4e3eb3d79888d76b54e28b350915b5dc3919c9de\commons-codec-1.16.0.jar, examining for mod candidates
[23:25:03] [Client thread/DEBUG] [FML/]: Found a minecraft related file at C:\Users\MrUser\.gradle\caches\modules-2\files-2.1\com.googlecode.javaewah\JavaEWAH\1.2.3\13a27c856e0c8808cee9a64032c58eee11c3adc9\JavaEWAH-1.2.3.jar, examining for mod candidates
[23:25:03] [Client thread/DEBUG] [FML/]: Found a minecraft related file at C:\Users\MrUser\.gradle\caches\modules-2\files-2.1\org.slf4j\slf4j-api\1.7.36\6c62681a2f655b49963a5983b8b0950a6120ae14\slf4j-api-1.7.36.jar, examining for mod candidates
[23:25:03] [Client thread/DEBUG] [FML/]: Found a minecraft related file at C:\Users\MrUser\.gradle\caches\modules-2\files-2.1\com.github.GTNewHorizons\CodeChickenCore\1.4.0\a680e0f45e839e1b3c27e5b4ae99da860a5cfb0e\CodeChickenCore-1.4.0-dev.jar, examining for mod candidates
[23:25:03] [Client thread/DEBUG] [FML/]: Minecraft jar mods loaded successfully
[23:25:03] [Client thread/INFO] [FML/]: Found 0 mods from the command line. Injecting into mod discoverer
[23:25:03] [Client thread/INFO] [FML/]: Searching C:\Users\MrUser\Desktop\MinecraftDev\Psychedelicraft-Legacy-1.7.10\run\mods for mods
[23:25:03] [Client thread/DEBUG] [FML/]: Examining file lwjgl-2.9.4-nightly-20150209.jar for potential mods
[23:25:03] [Client thread/DEBUG] [FML/]: The mod container lwjgl-2.9.4-nightly-20150209.jar appears to be missing an mcmod.info file
[23:25:03] [Client thread/DEBUG] [FML/]: Examining file lwjgl_util-2.9.4-nightly-20150209.jar for potential mods
[23:25:03] [Client thread/DEBUG] [FML/]: The mod container lwjgl_util-2.9.4-nightly-20150209.jar appears to be missing an mcmod.info file
[23:25:03] [Client thread/DEBUG] [FML/]: Examining file lwjgl-platform-2.9.4-nightly-20150209-natives-windows.jar for potential mods
[23:25:03] [Client thread/DEBUG] [FML/]: The mod container lwjgl-platform-2.9.4-nightly-20150209-natives-windows.jar appears to be missing an mcmod.info file
[23:25:03] [Client thread/DEBUG] [FML/]: Examining file mclauncher-1.7.10.jar for potential mods
[23:25:03] [Client thread/DEBUG] [FML/]: The mod container mclauncher-1.7.10.jar appears to be missing an mcmod.info file
[23:25:03] [Client thread/DEBUG] [FML/]: Examining file recompiled_minecraft-1.7.10.jar for potential mods
[23:25:03] [Client thread/DEBUG] [FML/]: The mod container recompiled_minecraft-1.7.10.jar appears to be missing an mcmod.info file
[23:25:03] [Client thread/DEBUG] [FML/]: Examining file java-8-unsupported-shim-1.0.0.jar for potential mods
[23:25:03] [Client thread/DEBUG] [FML/]: The mod container java-8-unsupported-shim-1.0.0.jar appears to be missing an mcmod.info file
[23:25:03] [Client thread/DEBUG] [FML/]: Examining file launchwrapper-1.12.jar for potential mods
[23:25:03] [Client thread/DEBUG] [FML/]: The mod container launchwrapper-1.12.jar appears to be missing an mcmod.info file
[23:25:03] [Client thread/DEBUG] [FML/]: Examining file authlib-1.5.21.jar for potential mods
[23:25:03] [Client thread/DEBUG] [FML/]: The mod container authlib-1.5.21.jar appears to be missing an mcmod.info file
[23:25:03] [Client thread/DEBUG] [FML/]: Examining file jsr305-2.0.1.jar for potential mods
[23:25:03] [Client thread/DEBUG] [FML/]: The mod container jsr305-2.0.1.jar appears to be missing an mcmod.info file
[23:25:03] [Client thread/DEBUG] [FML/]: Examining file akka-actor_2.11-2.3.3.jar for potential mods
[23:25:03] [Client thread/DEBUG] [FML/]: The mod container akka-actor_2.11-2.3.3.jar appears to be missing an mcmod.info file
[23:25:03] [Client thread/DEBUG] [FML/]: Examining file config-1.2.1.jar for potential mods
[23:25:03] [Client thread/DEBUG] [FML/]: The mod container config-1.2.1.jar appears to be missing an mcmod.info file
[23:25:03] [Client thread/DEBUG] [FML/]: Examining file scala-actors-migration_2.11-1.1.0.jar for potential mods
[23:25:03] [Client thread/DEBUG] [FML/]: The mod container scala-actors-migration_2.11-1.1.0.jar appears to be missing an mcmod.info file
[23:25:03] [Client thread/DEBUG] [FML/]: Examining file scala-compiler-2.11.5.jar for potential mods
[23:25:03] [Client thread/DEBUG] [FML/]: The mod container scala-compiler-2.11.5.jar appears to be missing an mcmod.info file
[23:25:04] [Client thread/DEBUG] [FML/]: Examining file scala-continuations-library_2.11-1.0.2.jar for potential mods
[23:25:04] [Client thread/DEBUG] [FML/]: The mod container scala-continuations-library_2.11-1.0.2.jar appears to be missing an mcmod.info file
[23:25:04] [Client thread/DEBUG] [FML/]: Examining file scala-continuations-plugin_2.11.1-1.0.2.jar for potential mods
[23:25:04] [Client thread/DEBUG] [FML/]: The mod container scala-continuations-plugin_2.11.1-1.0.2.jar appears to be missing an mcmod.info file
[23:25:04] [Client thread/DEBUG] [FML/]: Examining file scala-library-2.11.5.jar for potential mods
[23:25:04] [Client thread/DEBUG] [FML/]: The mod container scala-library-2.11.5.jar appears to be missing an mcmod.info file
[23:25:05] [Client thread/DEBUG] [FML/]: Examining file scala-parser-combinators_2.11-1.0.1.jar for potential mods
[23:25:05] [Client thread/DEBUG] [FML/]: The mod container scala-parser-combinators_2.11-1.0.1.jar appears to be missing an mcmod.info file
[23:25:05] [Client thread/DEBUG] [FML/]: Examining file scala-reflect-2.11.5.jar for potential mods
[23:25:05] [Client thread/DEBUG] [FML/]: The mod container scala-reflect-2.11.5.jar appears to be missing an mcmod.info file
[23:25:05] [Client thread/DEBUG] [FML/]: Examining file scala-swing_2.11-1.0.1.jar for potential mods
[23:25:05] [Client thread/DEBUG] [FML/]: The mod container scala-swing_2.11-1.0.1.jar appears to be missing an mcmod.info file
[23:25:05] [Client thread/DEBUG] [FML/]: Examining file scala-xml_2.11-1.0.2.jar for potential mods
[23:25:05] [Client thread/DEBUG] [FML/]: The mod container scala-xml_2.11-1.0.2.jar appears to be missing an mcmod.info file
[23:25:05] [Client thread/DEBUG] [FML/]: Examining file lzma-0.0.1.jar for potential mods
[23:25:05] [Client thread/DEBUG] [FML/]: The mod container lzma-0.0.1.jar appears to be missing an mcmod.info file
[23:25:05] [Client thread/DEBUG] [FML/]: Examining file asm-debug-all-5.0.3.jar for potential mods
[23:25:05] [Client thread/DEBUG] [FML/]: The mod container asm-debug-all-5.0.3.jar appears to be missing an mcmod.info file
[23:25:05] [Client thread/DEBUG] [FML/]: Examining file codecjorbis-20101023.jar for potential mods
[23:25:05] [Client thread/DEBUG] [FML/]: The mod container codecjorbis-20101023.jar appears to be missing an mcmod.info file
[23:25:05] [Client thread/DEBUG] [FML/]: Examining file codecwav-20101023.jar for potential mods
[23:25:05] [Client thread/DEBUG] [FML/]: The mod container codecwav-20101023.jar appears to be missing an mcmod.info file
[23:25:05] [Client thread/DEBUG] [FML/]: Examining file libraryjavasound-20101123.jar for potential mods
[23:25:05] [Client thread/DEBUG] [FML/]: The mod container libraryjavasound-20101123.jar appears to be missing an mcmod.info file
[23:25:05] [Client thread/DEBUG] [FML/]: Examining file librarylwjglopenal-20100824.jar for potential mods
[23:25:05] [Client thread/DEBUG] [FML/]: The mod container librarylwjglopenal-20100824.jar appears to be missing an mcmod.info file
[23:25:05] [Client thread/DEBUG] [FML/]: Examining file soundsystem-20120107.jar for potential mods
[23:25:05] [Client thread/DEBUG] [FML/]: The mod container soundsystem-20120107.jar appears to be missing an mcmod.info file
[23:25:05] [Client thread/DEBUG] [FML/]: Examining file netty-1.8.8.jar for potential mods
[23:25:05] [Client thread/DEBUG] [FML/]: The mod container netty-1.8.8.jar appears to be missing an mcmod.info file
[23:25:05] [Client thread/DEBUG] [FML/]: Examining file realms-1.3.5.jar for potential mods
[23:25:05] [Client thread/DEBUG] [FML/]: The mod container realms-1.3.5.jar appears to be missing an mcmod.info file
[23:25:05] [Client thread/DEBUG] [FML/]: Examining file commons-compress-1.8.1.jar for potential mods
[23:25:05] [Client thread/DEBUG] [FML/]: The mod container commons-compress-1.8.1.jar appears to be missing an mcmod.info file
[23:25:05] [Client thread/DEBUG] [FML/]: Examining file httpclient-4.3.3.jar for potential mods
[23:25:05] [Client thread/DEBUG] [FML/]: The mod container httpclient-4.3.3.jar appears to be missing an mcmod.info file
[23:25:05] [Client thread/DEBUG] [FML/]: Examining file commons-logging-1.1.3.jar for potential mods
[23:25:05] [Client thread/DEBUG] [FML/]: The mod container commons-logging-1.1.3.jar appears to be missing an mcmod.info file
[23:25:05] [Client thread/DEBUG] [FML/]: Examining file httpcore-4.3.2.jar for potential mods
[23:25:05] [Client thread/DEBUG] [FML/]: The mod container httpcore-4.3.2.jar appears to be missing an mcmod.info file
[23:25:05] [Client thread/DEBUG] [FML/]: Examining file vecmath-1.3.1.jar for potential mods
[23:25:05] [Client thread/DEBUG] [FML/]: The mod container vecmath-1.3.1.jar appears to be missing an mcmod.info file
[23:25:05] [Client thread/DEBUG] [FML/]: Examining file trove4j-3.0.3.jar for potential mods
[23:25:05] [Client thread/DEBUG] [FML/]: The mod container trove4j-3.0.3.jar appears to be missing an mcmod.info file
[23:25:05] [Client thread/DEBUG] [FML/]: Examining file icu4j-core-mojang-51.2.jar for potential mods
[23:25:05] [Client thread/DEBUG] [FML/]: The mod container icu4j-core-mojang-51.2.jar appears to be missing an mcmod.info file
[23:25:05] [Client thread/DEBUG] [FML/]: Examining file jopt-simple-4.5.jar for potential mods
[23:25:05] [Client thread/DEBUG] [FML/]: The mod container jopt-simple-4.5.jar appears to be missing an mcmod.info file
[23:25:05] [Client thread/DEBUG] [FML/]: Examining file netty-all-4.0.10.Final.jar for potential mods
[23:25:05] [Client thread/DEBUG] [FML/]: The mod container netty-all-4.0.10.Final.jar appears to be missing an mcmod.info file
[23:25:05] [Client thread/DEBUG] [FML/]: Examining file guava-17.0.jar for potential mods
[23:25:05] [Client thread/DEBUG] [FML/]: The mod container guava-17.0.jar appears to be missing an mcmod.info file
[23:25:05] [Client thread/DEBUG] [FML/]: Examining file commons-lang3-3.3.2.jar for potential mods
[23:25:05] [Client thread/DEBUG] [FML/]: The mod container commons-lang3-3.3.2.jar appears to be missing an mcmod.info file
[23:25:05] [Client thread/DEBUG] [FML/]: Examining file commons-io-2.4.jar for potential mods
[23:25:05] [Client thread/DEBUG] [FML/]: The mod container commons-io-2.4.jar appears to be missing an mcmod.info file
[23:25:05] [Client thread/DEBUG] [FML/]: Examining file commons-codec-1.9.jar for potential mods
[23:25:05] [Client thread/DEBUG] [FML/]: The mod container commons-codec-1.9.jar appears to be missing an mcmod.info file
[23:25:05] [Client thread/DEBUG] [FML/]: Examining file jinput-2.0.5.jar for potential mods
[23:25:05] [Client thread/DEBUG] [FML/]: The mod container jinput-2.0.5.jar appears to be missing an mcmod.info file
[23:25:05] [Client thread/DEBUG] [FML/]: Examining file jutils-1.0.0.jar for potential mods
[23:25:05] [Client thread/DEBUG] [FML/]: The mod container jutils-1.0.0.jar appears to be missing an mcmod.info file
[23:25:05] [Client thread/DEBUG] [FML/]: Examining file gson-2.2.4.jar for potential mods
[23:25:05] [Client thread/DEBUG] [FML/]: The mod container gson-2.2.4.jar appears to be missing an mcmod.info file
[23:25:05] [Client thread/DEBUG] [FML/]: Examining file log4j-api-2.0-beta9-fixed.jar for potential mods
[23:25:05] [Client thread/DEBUG] [FML/]: The mod container log4j-api-2.0-beta9-fixed.jar appears to be missing an mcmod.info file
[23:25:05] [Client thread/DEBUG] [FML/]: Examining file log4j-core-2.0-beta9-fixed.jar for potential mods
[23:25:05] [Client thread/DEBUG] [FML/]: The mod container log4j-core-2.0-beta9-fixed.jar appears to be missing an mcmod.info file
[23:25:05] [Client thread/DEBUG] [FML/]: Examining file jinput-platform-2.0.5-natives-windows.jar for potential mods
[23:25:05] [Client thread/DEBUG] [FML/]: The mod container jinput-platform-2.0.5-natives-windows.jar appears to be missing an mcmod.info file
[23:25:05] [Client thread/DEBUG] [FML/]: Examining file jinput-platform-2.0.5-natives-linux.jar for potential mods
[23:25:05] [Client thread/DEBUG] [FML/]: The mod container jinput-platform-2.0.5-natives-linux.jar appears to be missing an mcmod.info file
[23:25:05] [Client thread/DEBUG] [FML/]: Examining file jinput-platform-2.0.5-natives-osx.jar for potential mods
[23:25:05] [Client thread/DEBUG] [FML/]: The mod container jinput-platform-2.0.5-natives-osx.jar appears to be missing an mcmod.info file
[23:25:05] [Client thread/DEBUG] [FML/]: Examining file twitch-5.16.jar for potential mods
[23:25:05] [Client thread/DEBUG] [FML/]: The mod container twitch-5.16.jar appears to be missing an mcmod.info file
[23:25:05] [Client thread/DEBUG] [FML/]: Examining file twitch-platform-5.16-natives-windows-64.jar for potential mods
[23:25:05] [Client thread/DEBUG] [FML/]: The mod container twitch-platform-5.16-natives-windows-64.jar appears to be missing an mcmod.info file
[23:25:05] [Client thread/DEBUG] [FML/]: Examining file twitch-platform-5.16-natives-windows-32.jar for potential mods
[23:25:05] [Client thread/DEBUG] [FML/]: The mod container twitch-platform-5.16-natives-windows-32.jar appears to be missing an mcmod.info file
[23:25:05] [Client thread/DEBUG] [FML/]: Examining file twitch-platform-5.16-natives-osx.jar for potential mods
[23:25:05] [Client thread/DEBUG] [FML/]: The mod container twitch-platform-5.16-natives-osx.jar appears to be missing an mcmod.info file
[23:25:05] [Client thread/DEBUG] [FML/]: Examining file twitch-external-platform-4.5-natives-windows-64.jar for potential mods
[23:25:05] [Client thread/DEBUG] [FML/]: The mod container twitch-external-platform-4.5-natives-windows-64.jar appears to be missing an mcmod.info file
[23:25:05] [Client thread/DEBUG] [FML/]: Examining file twitch-external-platform-4.5-natives-windows-32.jar for potential mods
[23:25:05] [Client thread/DEBUG] [FML/]: The mod container twitch-external-platform-4.5-natives-windows-32.jar appears to be missing an mcmod.info file
[23:25:05] [Client thread/DEBUG] [FML/]: Examining file Psychedelicraft-1.5.4-dev.jar for potential mods
[23:25:05] [Client thread/TRACE] [FML/]: Located mcmod.info file in file Psychedelicraft-1.5.4-dev.jar
[23:25:05] [Client thread/DEBUG] [FML/]: Identified a mod of type Lcpw/mods/fml/common/Mod; (ivorius.psychedelicraft.Psychedelicraft) - loading
[23:25:05] [Client thread/TRACE] [psychedelicraft/]: Parsed dependency info : [] [] []
[23:25:05] [Client thread/DEBUG] [FML/]: Examining file IvToolkit-V1.2.2.jar for potential mods
[23:25:05] [Client thread/TRACE] [FML/]: Located mcmod.info file in file IvToolkit-V1.2.2.jar
[23:25:05] [Client thread/DEBUG] [FML/]: Identified a mod of type Lcpw/mods/fml/common/Mod; (ivorius.ivtoolkit.IvToolkit) - loading
[23:25:05] [Client thread/TRACE] [ivtoolkit/]: Parsed dependency info : [] [] []
[23:25:05] [Client thread/DEBUG] [FML/]: Examining file org.eclipse.jgit-6.8.0.202311291450-r.jar for potential mods
[23:25:06] [Client thread/DEBUG] [FML/]: The mod container org.eclipse.jgit-6.8.0.202311291450-r.jar appears to be missing an mcmod.info file
[23:25:06] [Client thread/ERROR] [FML/]: Unable to read a class file correctly
java.lang.IllegalArgumentException
	at org.objectweb.asm.ClassReader.<init>(ClassReader.java:170) ~[asm-debug-all-5.0.3.jar:5.0.3]
	at org.objectweb.asm.ClassReader.<init>(ClassReader.java:153) ~[asm-debug-all-5.0.3.jar:5.0.3]
	at org.objectweb.asm.ClassReader.<init>(ClassReader.java:424) ~[asm-debug-all-5.0.3.jar:5.0.3]
	at cpw.mods.fml.common.discovery.asm.ASMModParser.<init>(ASMModParser.java:52) [ASMModParser.class:?]
	at cpw.mods.fml.common.discovery.JarDiscoverer.discover(JarDiscoverer.java:72) [JarDiscoverer.class:?]
	at cpw.mods.fml.common.discovery.ContainerType.findMods(ContainerType.java:42) [ContainerType.class:?]
	at cpw.mods.fml.common.discovery.ModCandidate.explore(ModCandidate.java:71) [ModCandidate.class:?]
	at cpw.mods.fml.common.discovery.ModDiscoverer.identifyMods(ModDiscoverer.java:131) [ModDiscoverer.class:?]
	at cpw.mods.fml.common.Loader.identifyMods(Loader.java:364) [Loader.class:?]
	at cpw.mods.fml.common.Loader.loadMods(Loader.java:489) [Loader.class:?]
	at cpw.mods.fml.client.FMLClientHandler.beginMinecraftLoading(FMLClientHandler.java:208) [FMLClientHandler.class:?]
	at net.minecraft.client.Minecraft.startGame(Minecraft.java:522) [Minecraft.class:?]
	at net.minecraft.client.Minecraft.run(Minecraft.java:942) [Minecraft.class:?]
	at net.minecraft.client.main.Main.main(Main.java:164) [Main.class:?]
	at sun.reflect.NativeMethodAccessorImpl.invoke0(Native Method) ~[?:1.8.0_492]
	at sun.reflect.NativeMethodAccessorImpl.invoke(NativeMethodAccessorImpl.java:62) ~[?:1.8.0_492]
	at sun.reflect.DelegatingMethodAccessorImpl.invoke(DelegatingMethodAccessorImpl.java:43) ~[?:1.8.0_492]
	at java.lang.reflect.Method.invoke(Method.java:498) ~[?:1.8.0_492]
	at net.minecraft.launchwrapper.Launch.launch(Launch.java:135) [launchwrapper-1.12.jar:?]
	at net.minecraft.launchwrapper.Launch.main(Launch.java:28) [launchwrapper-1.12.jar:?]
	at net.minecraftforge.gradle.GradleStartCommon.launch(GradleStartCommon.java:97) [mclauncher-1.7.10.jar:?]
	at GradleStart.main(GradleStart.java:40) [mclauncher-1.7.10.jar:?]
[23:25:06] [Client thread/ERROR] [FML/]: There was a problem reading the entry org/eclipse/jgit/annotations/NonNull.class in the jar C:\Users\MrUser\.gradle\caches\modules-2\files-2.1\org.eclipse.jgit\org.eclipse.jgit\6.8.0.202311291450-r\a665a8ad3a3fbeaee292d5927d204ffe8f6aa23d\org.eclipse.jgit-6.8.0.202311291450-r.jar - probably a corrupt zip
cpw.mods.fml.common.LoaderException: java.lang.IllegalArgumentException

	at cpw.mods.fml.common.discovery.asm.ASMModParser.<init>(ASMModParser.java:58) ~[ASMModParser.class:?]
	at cpw.mods.fml.common.discovery.JarDiscoverer.discover(JarDiscoverer.java:72) [JarDiscoverer.class:?]
	at cpw.mods.fml.common.discovery.ContainerType.findMods(ContainerType.java:42) [ContainerType.class:?]
	at cpw.mods.fml.common.discovery.ModCandidate.explore(ModCandidate.java:71) [ModCandidate.class:?]
	at cpw.mods.fml.common.discovery.ModDiscoverer.identifyMods(ModDiscoverer.java:131) [ModDiscoverer.class:?]
	at cpw.mods.fml.common.Loader.identifyMods(Loader.java:364) [Loader.class:?]
	at cpw.mods.fml.common.Loader.loadMods(Loader.java:489) [Loader.class:?]
	at cpw.mods.fml.client.FMLClientHandler.beginMinecraftLoading(FMLClientHandler.java:208) [FMLClientHandler.class:?]
	at net.minecraft.client.Minecraft.startGame(Minecraft.java:522) [Minecraft.class:?]
	at net.minecraft.client.Minecraft.run(Minecraft.java:942) [Minecraft.class:?]
	at net.minecraft.client.main.Main.main(Main.java:164) [Main.class:?]
	at sun.reflect.NativeMethodAccessorImpl.invoke0(Native Method) ~[?:1.8.0_492]
	at sun.reflect.NativeMethodAccessorImpl.invoke(NativeMethodAccessorImpl.java:62) ~[?:1.8.0_492]
	at sun.reflect.DelegatingMethodAccessorImpl.invoke(DelegatingMethodAccessorImpl.java:43) ~[?:1.8.0_492]
	at java.lang.reflect.Method.invoke(Method.java:498) ~[?:1.8.0_492]
	at net.minecraft.launchwrapper.Launch.launch(Launch.java:135) [launchwrapper-1.12.jar:?]
	at net.minecraft.launchwrapper.Launch.main(Launch.java:28) [launchwrapper-1.12.jar:?]
	at net.minecraftforge.gradle.GradleStartCommon.launch(GradleStartCommon.java:97) [mclauncher-1.7.10.jar:?]
	at GradleStart.main(GradleStart.java:40) [mclauncher-1.7.10.jar:?]
Caused by: java.lang.IllegalArgumentException
	at org.objectweb.asm.ClassReader.<init>(ClassReader.java:170) ~[asm-debug-all-5.0.3.jar:5.0.3]
	at org.objectweb.asm.ClassReader.<init>(ClassReader.java:153) ~[asm-debug-all-5.0.3.jar:5.0.3]
	at org.objectweb.asm.ClassReader.<init>(ClassReader.java:424) ~[asm-debug-all-5.0.3.jar:5.0.3]
	at cpw.mods.fml.common.discovery.asm.ASMModParser.<init>(ASMModParser.java:52) ~[ASMModParser.class:?]
	... 18 more
[23:25:06] [Client thread/WARN] [FML/]: Zip file org.eclipse.jgit-6.8.0.202311291450-r.jar failed to read properly, it will be ignored
cpw.mods.fml.common.LoaderException: java.lang.IllegalArgumentException

	at cpw.mods.fml.common.discovery.asm.ASMModParser.<init>(ASMModParser.java:58) ~[ASMModParser.class:?]
	at cpw.mods.fml.common.discovery.JarDiscoverer.discover(JarDiscoverer.java:72) [JarDiscoverer.class:?]
	at cpw.mods.fml.common.discovery.ContainerType.findMods(ContainerType.java:42) [ContainerType.class:?]
	at cpw.mods.fml.common.discovery.ModCandidate.explore(ModCandidate.java:71) [ModCandidate.class:?]
	at cpw.mods.fml.common.discovery.ModDiscoverer.identifyMods(ModDiscoverer.java:131) [ModDiscoverer.class:?]
	at cpw.mods.fml.common.Loader.identifyMods(Loader.java:364) [Loader.class:?]
	at cpw.mods.fml.common.Loader.loadMods(Loader.java:489) [Loader.class:?]
	at cpw.mods.fml.client.FMLClientHandler.beginMinecraftLoading(FMLClientHandler.java:208) [FMLClientHandler.class:?]
	at net.minecraft.client.Minecraft.startGame(Minecraft.java:522) [Minecraft.class:?]
	at net.minecraft.client.Minecraft.run(Minecraft.java:942) [Minecraft.class:?]
	at net.minecraft.client.main.Main.main(Main.java:164) [Main.class:?]
	at sun.reflect.NativeMethodAccessorImpl.invoke0(Native Method) ~[?:1.8.0_492]
	at sun.reflect.NativeMethodAccessorImpl.invoke(NativeMethodAccessorImpl.java:62) ~[?:1.8.0_492]
	at sun.reflect.DelegatingMethodAccessorImpl.invoke(DelegatingMethodAccessorImpl.java:43) ~[?:1.8.0_492]
	at java.lang.reflect.Method.invoke(Method.java:498) ~[?:1.8.0_492]
	at net.minecraft.launchwrapper.Launch.launch(Launch.java:135) [launchwrapper-1.12.jar:?]
	at net.minecraft.launchwrapper.Launch.main(Launch.java:28) [launchwrapper-1.12.jar:?]
	at net.minecraftforge.gradle.GradleStartCommon.launch(GradleStartCommon.java:97) [mclauncher-1.7.10.jar:?]
	at GradleStart.main(GradleStart.java:40) [mclauncher-1.7.10.jar:?]
Caused by: java.lang.IllegalArgumentException
	at org.objectweb.asm.ClassReader.<init>(ClassReader.java:170) ~[asm-debug-all-5.0.3.jar:5.0.3]
	at org.objectweb.asm.ClassReader.<init>(ClassReader.java:153) ~[asm-debug-all-5.0.3.jar:5.0.3]
	at org.objectweb.asm.ClassReader.<init>(ClassReader.java:424) ~[asm-debug-all-5.0.3.jar:5.0.3]
	at cpw.mods.fml.common.discovery.asm.ASMModParser.<init>(ASMModParser.java:52) ~[ASMModParser.class:?]
	... 18 more
[23:25:06] [Client thread/DEBUG] [FML/]: Examining file NotEnoughItems-2.7.4-GTNH-dev.jar for potential mods
[23:25:06] [Client thread/TRACE] [FML/]: Located mcmod.info file in file NotEnoughItems-2.7.4-GTNH-dev.jar
[23:25:06] [Client thread/DEBUG] [FML/]: Examining file commons-codec-1.16.0.jar for potential mods
[23:25:06] [Client thread/DEBUG] [FML/]: The mod container commons-codec-1.16.0.jar appears to be missing an mcmod.info file
[23:25:06] [Client thread/DEBUG] [FML/]: Examining file JavaEWAH-1.2.3.jar for potential mods
[23:25:06] [Client thread/DEBUG] [FML/]: The mod container JavaEWAH-1.2.3.jar appears to be missing an mcmod.info file
[23:25:06] [Client thread/ERROR] [FML/]: Unable to read a class file correctly
java.lang.IllegalArgumentException
	at org.objectweb.asm.ClassReader.<init>(ClassReader.java:170) ~[asm-debug-all-5.0.3.jar:5.0.3]
	at org.objectweb.asm.ClassReader.<init>(ClassReader.java:153) ~[asm-debug-all-5.0.3.jar:5.0.3]
	at org.objectweb.asm.ClassReader.<init>(ClassReader.java:424) ~[asm-debug-all-5.0.3.jar:5.0.3]
	at cpw.mods.fml.common.discovery.asm.ASMModParser.<init>(ASMModParser.java:52) [ASMModParser.class:?]
	at cpw.mods.fml.common.discovery.JarDiscoverer.discover(JarDiscoverer.java:72) [JarDiscoverer.class:?]
	at cpw.mods.fml.common.discovery.ContainerType.findMods(ContainerType.java:42) [ContainerType.class:?]
	at cpw.mods.fml.common.discovery.ModCandidate.explore(ModCandidate.java:71) [ModCandidate.class:?]
	at cpw.mods.fml.common.discovery.ModDiscoverer.identifyMods(ModDiscoverer.java:131) [ModDiscoverer.class:?]
	at cpw.mods.fml.common.Loader.identifyMods(Loader.java:364) [Loader.class:?]
	at cpw.mods.fml.common.Loader.loadMods(Loader.java:489) [Loader.class:?]
	at cpw.mods.fml.client.FMLClientHandler.beginMinecraftLoading(FMLClientHandler.java:208) [FMLClientHandler.class:?]
	at net.minecraft.client.Minecraft.startGame(Minecraft.java:522) [Minecraft.class:?]
	at net.minecraft.client.Minecraft.run(Minecraft.java:942) [Minecraft.class:?]
	at net.minecraft.client.main.Main.main(Main.java:164) [Main.class:?]
	at sun.reflect.NativeMethodAccessorImpl.invoke0(Native Method) ~[?:1.8.0_492]
	at sun.reflect.NativeMethodAccessorImpl.invoke(NativeMethodAccessorImpl.java:62) ~[?:1.8.0_492]
	at sun.reflect.DelegatingMethodAccessorImpl.invoke(DelegatingMethodAccessorImpl.java:43) ~[?:1.8.0_492]
	at java.lang.reflect.Method.invoke(Method.java:498) ~[?:1.8.0_492]
	at net.minecraft.launchwrapper.Launch.launch(Launch.java:135) [launchwrapper-1.12.jar:?]
	at net.minecraft.launchwrapper.Launch.main(Launch.java:28) [launchwrapper-1.12.jar:?]
	at net.minecraftforge.gradle.GradleStartCommon.launch(GradleStartCommon.java:97) [mclauncher-1.7.10.jar:?]
	at GradleStart.main(GradleStart.java:40) [mclauncher-1.7.10.jar:?]
[23:25:06] [Client thread/ERROR] [FML/]: There was a problem reading the entry META-INF/versions/9/module-info.class in the jar C:\Users\MrUser\.gradle\caches\modules-2\files-2.1\com.googlecode.javaewah\JavaEWAH\1.2.3\13a27c856e0c8808cee9a64032c58eee11c3adc9\JavaEWAH-1.2.3.jar - probably a corrupt zip
cpw.mods.fml.common.LoaderException: java.lang.IllegalArgumentException

	at cpw.mods.fml.common.discovery.asm.ASMModParser.<init>(ASMModParser.java:58) ~[ASMModParser.class:?]
	at cpw.mods.fml.common.discovery.JarDiscoverer.discover(JarDiscoverer.java:72) [JarDiscoverer.class:?]
	at cpw.mods.fml.common.discovery.ContainerType.findMods(ContainerType.java:42) [ContainerType.class:?]
	at cpw.mods.fml.common.discovery.ModCandidate.explore(ModCandidate.java:71) [ModCandidate.class:?]
	at cpw.mods.fml.common.discovery.ModDiscoverer.identifyMods(ModDiscoverer.java:131) [ModDiscoverer.class:?]
	at cpw.mods.fml.common.Loader.identifyMods(Loader.java:364) [Loader.class:?]
	at cpw.mods.fml.common.Loader.loadMods(Loader.java:489) [Loader.class:?]
	at cpw.mods.fml.client.FMLClientHandler.beginMinecraftLoading(FMLClientHandler.java:208) [FMLClientHandler.class:?]
	at net.minecraft.client.Minecraft.startGame(Minecraft.java:522) [Minecraft.class:?]
	at net.minecraft.client.Minecraft.run(Minecraft.java:942) [Minecraft.class:?]
	at net.minecraft.client.main.Main.main(Main.java:164) [Main.class:?]
	at sun.reflect.NativeMethodAccessorImpl.invoke0(Native Method) ~[?:1.8.0_492]
	at sun.reflect.NativeMethodAccessorImpl.invoke(NativeMethodAccessorImpl.java:62) ~[?:1.8.0_492]
	at sun.reflect.DelegatingMethodAccessorImpl.invoke(DelegatingMethodAccessorImpl.java:43) ~[?:1.8.0_492]
	at java.lang.reflect.Method.invoke(Method.java:498) ~[?:1.8.0_492]
	at net.minecraft.launchwrapper.Launch.launch(Launch.java:135) [launchwrapper-1.12.jar:?]
	at net.minecraft.launchwrapper.Launch.main(Launch.java:28) [launchwrapper-1.12.jar:?]
	at net.minecraftforge.gradle.GradleStartCommon.launch(GradleStartCommon.java:97) [mclauncher-1.7.10.jar:?]
	at GradleStart.main(GradleStart.java:40) [mclauncher-1.7.10.jar:?]
Caused by: java.lang.IllegalArgumentException
	at org.objectweb.asm.ClassReader.<init>(ClassReader.java:170) ~[asm-debug-all-5.0.3.jar:5.0.3]
	at org.objectweb.asm.ClassReader.<init>(ClassReader.java:153) ~[asm-debug-all-5.0.3.jar:5.0.3]
	at org.objectweb.asm.ClassReader.<init>(ClassReader.java:424) ~[asm-debug-all-5.0.3.jar:5.0.3]
	at cpw.mods.fml.common.discovery.asm.ASMModParser.<init>(ASMModParser.java:52) ~[ASMModParser.class:?]
	... 18 more
[23:25:06] [Client thread/WARN] [FML/]: Zip file JavaEWAH-1.2.3.jar failed to read properly, it will be ignored
cpw.mods.fml.common.LoaderException: java.lang.IllegalArgumentException

	at cpw.mods.fml.common.discovery.asm.ASMModParser.<init>(ASMModParser.java:58) ~[ASMModParser.class:?]
	at cpw.mods.fml.common.discovery.JarDiscoverer.discover(JarDiscoverer.java:72) [JarDiscoverer.class:?]
	at cpw.mods.fml.common.discovery.ContainerType.findMods(ContainerType.java:42) [ContainerType.class:?]
	at cpw.mods.fml.common.discovery.ModCandidate.explore(ModCandidate.java:71) [ModCandidate.class:?]
	at cpw.mods.fml.common.discovery.ModDiscoverer.identifyMods(ModDiscoverer.java:131) [ModDiscoverer.class:?]
	at cpw.mods.fml.common.Loader.identifyMods(Loader.java:364) [Loader.class:?]
	at cpw.mods.fml.common.Loader.loadMods(Loader.java:489) [Loader.class:?]
	at cpw.mods.fml.client.FMLClientHandler.beginMinecraftLoading(FMLClientHandler.java:208) [FMLClientHandler.class:?]
	at net.minecraft.client.Minecraft.startGame(Minecraft.java:522) [Minecraft.class:?]
	at net.minecraft.client.Minecraft.run(Minecraft.java:942) [Minecraft.class:?]
	at net.minecraft.client.main.Main.main(Main.java:164) [Main.class:?]
	at sun.reflect.NativeMethodAccessorImpl.invoke0(Native Method) ~[?:1.8.0_492]
	at sun.reflect.NativeMethodAccessorImpl.invoke(NativeMethodAccessorImpl.java:62) ~[?:1.8.0_492]
	at sun.reflect.DelegatingMethodAccessorImpl.invoke(DelegatingMethodAccessorImpl.java:43) ~[?:1.8.0_492]
	at java.lang.reflect.Method.invoke(Method.java:498) ~[?:1.8.0_492]
	at net.minecraft.launchwrapper.Launch.launch(Launch.java:135) [launchwrapper-1.12.jar:?]
	at net.minecraft.launchwrapper.Launch.main(Launch.java:28) [launchwrapper-1.12.jar:?]
	at net.minecraftforge.gradle.GradleStartCommon.launch(GradleStartCommon.java:97) [mclauncher-1.7.10.jar:?]
	at GradleStart.main(GradleStart.java:40) [mclauncher-1.7.10.jar:?]
Caused by: java.lang.IllegalArgumentException
	at org.objectweb.asm.ClassReader.<init>(ClassReader.java:170) ~[asm-debug-all-5.0.3.jar:5.0.3]
	at org.objectweb.asm.ClassReader.<init>(ClassReader.java:153) ~[asm-debug-all-5.0.3.jar:5.0.3]
	at org.objectweb.asm.ClassReader.<init>(ClassReader.java:424) ~[asm-debug-all-5.0.3.jar:5.0.3]
	at cpw.mods.fml.common.discovery.asm.ASMModParser.<init>(ASMModParser.java:52) ~[ASMModParser.class:?]
	... 18 more
[23:25:06] [Client thread/DEBUG] [FML/]: Examining file slf4j-api-1.7.36.jar for potential mods
[23:25:06] [Client thread/DEBUG] [FML/]: The mod container slf4j-api-1.7.36.jar appears to be missing an mcmod.info file
[23:25:06] [Client thread/DEBUG] [FML/]: Examining file CodeChickenCore-1.4.0-dev.jar for potential mods
[23:25:06] [Client thread/TRACE] [FML/]: Located mcmod.info file in file CodeChickenCore-1.4.0-dev.jar
[23:25:06] [Client thread/INFO] [FML/]: Forge Mod Loader has identified 8 mods to load
[23:25:06] [Client thread/TRACE] [FML/]: Received a system property request ''
[23:25:06] [Client thread/TRACE] [FML/]: System property request managing the state of 0 mods
[23:25:06] [Client thread/DEBUG] [FML/]: After merging, found state information for 0 mods
[23:25:06] [Client thread/DEBUG] [FML/]: Found translations in recompiled_minecraft-1.7.10.jar [en_US, af_ZA, ar_SA, br_FR, ca_ES, cs_CZ, da_DK, de_DE, el_GR, en_US, es_ES, fa_IR, fi_FI, fr_FR, he_IL, hu_HU, it_IT, ja_JP, ko_KR, lt_LT, nb_NO, nl_NL, nn_NO, no_NO, pl_PL, pt_BR, pt_PT, ro_RO, ru_RU, sl_SI, sr_SP, sv_SE, tr_TR, uk_UA, vi_VN, zh_CN, zh_TW, en_US]
[23:25:06] [Client thread/DEBUG] [FML/]: Found translations in recompiled_minecraft-1.7.10.jar [en_US, af_ZA, ar_SA, br_FR, ca_ES, cs_CZ, da_DK, de_DE, el_GR, en_US, es_ES, fa_IR, fi_FI, fr_FR, he_IL, hu_HU, it_IT, ja_JP, ko_KR, lt_LT, nb_NO, nl_NL, nn_NO, no_NO, pl_PL, pt_BR, pt_PT, ro_RO, ru_RU, sl_SI, sr_SP, sv_SE, tr_TR, uk_UA, vi_VN, zh_CN, zh_TW, en_US]
[23:25:06] [Client thread/DEBUG] [FML/]: Found translations in NotEnoughItems-2.7.4-GTNH-dev.jar [cs_CZ, pl_PL, fr_FR, zh_TW, tr_TR, pt_BR, et_EE, it_IT, sk_SK, ko_KR, en_US, zh_CN, de_DE, ru_RU]
[23:25:06] [Client thread/DEBUG] [psychedelicraft/]: Enabling mod psychedelicraft
[23:25:06] [Client thread/DEBUG] [FML/]: Found translations in Psychedelicraft-1.5.4-dev.jar [de_DE, en_US, zh_CN]
[23:25:06] [Client thread/DEBUG] [ivtoolkit/]: Enabling mod ivtoolkit
[23:25:06] [Client thread/TRACE] [FML/]: Verifying mod requirements are satisfied
[23:25:06] [Client thread/TRACE] [FML/]: All mod requirements are satisfied
[23:25:06] [Client thread/TRACE] [FML/]: Sorting mods into an ordered list
[23:25:06] [Client thread/TRACE] [FML/]: Mod sorting completed successfully
[23:25:06] [Client thread/DEBUG] [FML/]: Mod sorting data
[23:25:06] [Client thread/DEBUG] [FML/]: 	psychedelicraft(Psychedelicraft-Legacy-1.7.10:1.5.2): Psychedelicraft-1.5.4-dev.jar ()
[23:25:06] [Client thread/DEBUG] [FML/]: 	ivtoolkit(IvToolkit:1.2.1): IvToolkit-V1.2.2.jar ()
[23:25:06] [Client thread/TRACE] [mcp/mcp]: Sending event FMLConstructionEvent to mod mcp
[23:25:06] [Client thread/TRACE] [mcp/mcp]: Sent event FMLConstructionEvent to mod mcp
[23:25:06] [Client thread/DEBUG] [FML/]: Bar Step: Construction - Minecraft Coder Pack took 0,005s
[23:25:06] [Client thread/TRACE] [FML/FML]: Sending event FMLConstructionEvent to mod FML
[23:25:06] [Client thread/TRACE] [FML/FML]: Mod FML is using network checker : Invoking method checkModLists
[23:25:06] [Client thread/TRACE] [FML/FML]: Testing mod FML to verify it accepts its own version in a remote connection
[23:25:06] [Client thread/TRACE] [FML/FML]: The mod FML accepts its own version (7.10.99.99)
[23:25:06] [Client thread/INFO] [FML/FML]: Attempting connection with missing mods [mcp, FML, Forge, NotEnoughItems, CodeChickenCore, psychedelicraftcore, psychedelicraft, ivtoolkit] at CLIENT
[23:25:06] [Client thread/INFO] [FML/FML]: Attempting connection with missing mods [mcp, FML, Forge, NotEnoughItems, CodeChickenCore, psychedelicraftcore, psychedelicraft, ivtoolkit] at SERVER
[23:25:06] [Client thread/TRACE] [FML/FML]: Sent event FMLConstructionEvent to mod FML
[23:25:06] [Client thread/DEBUG] [FML/]: Bar Step: Construction - Forge Mod Loader took 0,245s
[23:25:06] [Client thread/TRACE] [Forge/Forge]: Sending event FMLConstructionEvent to mod Forge
[23:25:06] [Client thread/TRACE] [FML/Forge]: Mod Forge is using network checker : No network checking performed
[23:25:06] [Client thread/TRACE] [FML/Forge]: Testing mod Forge to verify it accepts its own version in a remote connection
[23:25:06] [Client thread/TRACE] [FML/Forge]: The mod Forge accepts its own version (10.13.4.1614)
[23:25:06] [Client thread/TRACE] [Forge/Forge]: Sent event FMLConstructionEvent to mod Forge
[23:25:06] [Client thread/DEBUG] [FML/]: Bar Step: Construction - Minecraft Forge took 0,007s
[23:25:06] [Client thread/TRACE] [NotEnoughItems/NotEnoughItems]: Sending event FMLConstructionEvent to mod NotEnoughItems
[23:25:06] [Client thread/TRACE] [NotEnoughItems/NotEnoughItems]: Sent event FMLConstructionEvent to mod NotEnoughItems
[23:25:06] [Client thread/DEBUG] [FML/]: Bar Step: Construction - NotEnoughItems took 0,001s
[23:25:06] [Client thread/TRACE] [CodeChickenCore/CodeChickenCore]: Sending event FMLConstructionEvent to mod CodeChickenCore
[23:25:06] [Client thread/TRACE] [CodeChickenCore/CodeChickenCore]: Sent event FMLConstructionEvent to mod CodeChickenCore
[23:25:06] [Client thread/DEBUG] [FML/]: Bar Step: Construction - CodeChicken Core took 0,000s
[23:25:06] [Client thread/TRACE] [psychedelicraftcore/psychedelicraftcore]: Sending event FMLConstructionEvent to mod psychedelicraftcore
[23:25:06] [Client thread/TRACE] [psychedelicraftcore/psychedelicraftcore]: Sent event FMLConstructionEvent to mod psychedelicraftcore
[23:25:06] [Client thread/DEBUG] [FML/]: Bar Step: Construction - Psychedelicraft Core took 0,000s
[23:25:06] [Client thread/TRACE] [psychedelicraft/psychedelicraft]: Sending event FMLConstructionEvent to mod psychedelicraft
[23:25:06] [Client thread/TRACE] [FML/psychedelicraft]: Mod psychedelicraft is using network checker : Accepting version 1.5.2
[23:25:06] [Client thread/TRACE] [FML/psychedelicraft]: Testing mod psychedelicraft to verify it accepts its own version in a remote connection
[23:25:06] [Client thread/TRACE] [FML/psychedelicraft]: The mod psychedelicraft accepts its own version (1.5.2)
[23:25:06] [Client thread/DEBUG] [FML/psychedelicraft]: Attempting to inject @SidedProxy classes into psychedelicraft
[23:25:06] [Client thread/TRACE] [psychedelicraft/psychedelicraft]: Sent event FMLConstructionEvent to mod psychedelicraft
[23:25:06] [Client thread/DEBUG] [FML/]: Bar Step: Construction - Psychedelicraft-Legacy-1.7.10 took 0,058s
[23:25:06] [Client thread/TRACE] [ivtoolkit/ivtoolkit]: Sending event FMLConstructionEvent to mod ivtoolkit
[23:25:06] [Client thread/TRACE] [FML/ivtoolkit]: Mod ivtoolkit is using network checker : Accepting version 1.2.1
[23:25:06] [Client thread/TRACE] [FML/ivtoolkit]: Testing mod ivtoolkit to verify it accepts its own version in a remote connection
[23:25:06] [Client thread/TRACE] [FML/ivtoolkit]: The mod ivtoolkit accepts its own version (1.2.1)
[23:25:06] [Client thread/DEBUG] [FML/ivtoolkit]: Attempting to inject @SidedProxy classes into ivtoolkit
[23:25:06] [Client thread/TRACE] [ivtoolkit/ivtoolkit]: Sent event FMLConstructionEvent to mod ivtoolkit
[23:25:06] [Client thread/DEBUG] [FML/]: Bar Step: Construction - IvToolkit took 0,002s
[23:25:06] [Client thread/DEBUG] [FML/]: Bar Finished: Construction took 0,318s
[23:25:06] [Client thread/DEBUG] [FML/]: Mod signature data
[23:25:06] [Client thread/DEBUG] [FML/]:  	Valid Signatures:
[23:25:06] [Client thread/DEBUG] [FML/]:  	Missing Signatures:
[23:25:06] [Client thread/DEBUG] [FML/]: 		mcp	(Minecraft Coder Pack	9.05)	minecraft.jar
[23:25:06] [Client thread/DEBUG] [FML/]: 		FML	(Forge Mod Loader	7.10.99.99)	recompiled_minecraft-1.7.10.jar
[23:25:06] [Client thread/DEBUG] [FML/]: 		Forge	(Minecraft Forge	10.13.4.1614)	recompiled_minecraft-1.7.10.jar
[23:25:06] [Client thread/DEBUG] [FML/]: 		NotEnoughItems	(NotEnoughItems	2.7.4-GTNH)	NotEnoughItems-2.7.4-GTNH-dev.jar
[23:25:06] [Client thread/DEBUG] [FML/]: 		CodeChickenCore	(CodeChicken Core	1.4.0)	minecraft.jar
[23:25:06] [Client thread/DEBUG] [FML/]: 		psychedelicraftcore	(Psychedelicraft Core	1.4)	minecraft.jar
[23:25:06] [Client thread/DEBUG] [FML/]: 		psychedelicraft	(Psychedelicraft-Legacy-1.7.10	1.5.2)	Psychedelicraft-1.5.4-dev.jar
[23:25:06] [Client thread/DEBUG] [FML/]: 		ivtoolkit	(IvToolkit	1.2.1)	IvToolkit-V1.2.2.jar
[23:25:06] [Client thread/DEBUG] [FML/]: Bar Step: Loading Resources - Default took 0,002s
[23:25:06] [Client thread/DEBUG] [FML/]: Bar Step: Loading Resources - FMLFileResourcePack:Forge Mod Loader took 0,005s
[23:25:06] [Client thread/DEBUG] [FML/]: Bar Step: Loading Resources - FMLFileResourcePack:Minecraft Forge took 0,006s
[23:25:06] [Client thread/DEBUG] [FML/]: Bar Step: Loading Resources - FMLFileResourcePack:NotEnoughItems took 0,001s
[23:25:06] [Client thread/DEBUG] [FML/]: Bar Step: Loading Resources - FMLFileResourcePack:Psychedelicraft-Legacy-1.7.10 took 0,001s
[23:25:06] [Client thread/DEBUG] [FML/]: Bar Step: Loading Resources - FMLFileResourcePack:IvToolkit took 0,000s
[23:25:06] [Client thread/DEBUG] [FML/]: Bar Finished: Reloading - LanguageManager took 0,017s
[23:25:06] [Client thread/DEBUG] [FML/]: Bar Step: Loading Resources - Reloading listeners took 0,017s
[23:25:06] [Client thread/DEBUG] [FML/]: Bar Finished: Loading Resources took 0,033s
[23:25:06] [Client thread/DEBUG] [Forge Mod Loader/]: Mod Forge Mod Loader is missing a pack.mcmeta file, substituting a dummy one
[23:25:06] [Client thread/DEBUG] [Minecraft Forge/]: Mod Minecraft Forge is missing a pack.mcmeta file, substituting a dummy one
[23:25:06] [Client thread/DEBUG] [NotEnoughItems/]: Mod NotEnoughItems is missing a pack.mcmeta file, substituting a dummy one
[23:25:06] [Client thread/DEBUG] [Psychedelicraft-Legacy-1.7.10/]: Mod Psychedelicraft-Legacy-1.7.10 is missing a pack.mcmeta file, substituting a dummy one
[23:25:06] [Client thread/DEBUG] [IvToolkit/]: Mod IvToolkit is missing a pack.mcmeta file, substituting a dummy one
[23:25:06] [Client thread/INFO] [FML/]: Processing ObjectHolder annotations
[23:25:06] [Client thread/INFO] [FML/]: Found 341 ObjectHolder annotations
[23:25:06] [Client thread/INFO] [FML/]: Identifying ItemStackHolder annotations
[23:25:06] [Client thread/INFO] [FML/]: Found 0 ItemStackHolder annotations
[23:25:06] [Client thread/TRACE] [mcp/mcp]: Sending event FMLPreInitializationEvent to mod mcp
[23:25:06] [Client thread/TRACE] [mcp/mcp]: Sent event FMLPreInitializationEvent to mod mcp
[23:25:06] [Client thread/DEBUG] [FML/]: Bar Step: PreInitialization - Minecraft Coder Pack took 0,000s
[23:25:06] [Client thread/TRACE] [FML/FML]: Sending event FMLPreInitializationEvent to mod FML
[23:25:06] [Client thread/TRACE] [FML/FML]: Sent event FMLPreInitializationEvent to mod FML
[23:25:06] [Client thread/DEBUG] [FML/]: Bar Step: PreInitialization - Forge Mod Loader took 0,000s
[23:25:06] [Client thread/TRACE] [Forge/Forge]: Sending event FMLPreInitializationEvent to mod Forge
[23:25:06] [Client thread/INFO] [FML/Forge]: Configured a dormant chunk cache size of 0
[23:25:06] [Client thread/TRACE] [Forge/Forge]: Sent event FMLPreInitializationEvent to mod Forge
[23:25:06] [Client thread/DEBUG] [FML/]: Bar Step: PreInitialization - Minecraft Forge took 0,062s
[23:25:06] [Client thread/TRACE] [NotEnoughItems/NotEnoughItems]: Sending event FMLPreInitializationEvent to mod NotEnoughItems
[23:25:06] [Forge Version Check/INFO] [STDERR/Forge]: [java.lang.Throwable$WrappedPrintStream:println:749]: com.google.gson.JsonSyntaxException: java.lang.IllegalStateException: Expected BEGIN_OBJECT but was STRING at line 1 column 1
[23:25:06] [Forge Version Check/INFO] [STDERR/Forge]: [java.lang.Throwable$WrappedPrintStream:println:749]: 	at com.google.gson.Gson.fromJson(Gson.java:815)
[23:25:06] [Forge Version Check/INFO] [STDERR/Forge]: [java.lang.Throwable$WrappedPrintStream:println:749]: 	at com.google.gson.Gson.fromJson(Gson.java:768)
[23:25:06] [Forge Version Check/INFO] [STDERR/Forge]: [java.lang.Throwable$WrappedPrintStream:println:749]: 	at com.google.gson.Gson.fromJson(Gson.java:717)
[23:25:06] [Forge Version Check/INFO] [STDERR/Forge]: [java.lang.Throwable$WrappedPrintStream:println:749]: 	at com.google.gson.Gson.fromJson(Gson.java:689)
[23:25:06] [Forge Version Check/INFO] [STDERR/Forge]: [java.lang.Throwable$WrappedPrintStream:println:749]: 	at net.minecraftforge.common.ForgeVersion$1.run(ForgeVersion.java:94)
[23:25:06] [Forge Version Check/INFO] [STDERR/Forge]: [java.lang.Throwable$WrappedPrintStream:println:749]: Caused by: java.lang.IllegalStateException: Expected BEGIN_OBJECT but was STRING at line 1 column 1
[23:25:06] [Forge Version Check/INFO] [STDERR/Forge]: [java.lang.Throwable$WrappedPrintStream:println:749]: 	at com.google.gson.stream.JsonReader.beginObject(JsonReader.java:374)
[23:25:06] [Forge Version Check/INFO] [STDERR/Forge]: [java.lang.Throwable$WrappedPrintStream:println:749]: 	at com.google.gson.internal.bind.MapTypeAdapterFactory$Adapter.read(MapTypeAdapterFactory.java:183)
[23:25:06] [Forge Version Check/INFO] [STDERR/Forge]: [java.lang.Throwable$WrappedPrintStream:println:749]: 	at com.google.gson.internal.bind.MapTypeAdapterFactory$Adapter.read(MapTypeAdapterFactory.java:145)
[23:25:06] [Forge Version Check/INFO] [STDERR/Forge]: [java.lang.Throwable$WrappedPrintStream:println:749]: 	at com.google.gson.Gson.fromJson(Gson.java:803)
[23:25:06] [Forge Version Check/INFO] [STDERR/Forge]: [java.lang.Throwable$WrappedPrintStream:println:749]: 	... 4 more
[23:25:07] [Client thread/INFO] [NotEnoughItems/NotEnoughItems]: Loading 'serialhandlers.cfg' file C:\Users\MrUser\Desktop\MinecraftDev\Psychedelicraft-Legacy-1.7.10\run\config\NEI\serialhandlers.cfg
[23:25:07] [Client thread/INFO] [NotEnoughItems/NotEnoughItems]: Loading 'hiddenitems.cfg' file C:\Users\MrUser\Desktop\MinecraftDev\Psychedelicraft-Legacy-1.7.10\run\config\NEI\hiddenitems.cfg
[23:25:07] [Client thread/INFO] [NotEnoughItems/NotEnoughItems]: Loading 'heighthackhandlers.cfg' file C:\Users\MrUser\Desktop\MinecraftDev\Psychedelicraft-Legacy-1.7.10\run\config\NEI\heighthackhandlers.cfg
[23:25:07] [Client thread/INFO] [NotEnoughItems/NotEnoughItems]: Loading 'hiddenhandlers.cfg' file C:\Users\MrUser\Desktop\MinecraftDev\Psychedelicraft-Legacy-1.7.10\run\config\NEI\hiddenhandlers.cfg
[23:25:07] [Client thread/INFO] [NotEnoughItems/NotEnoughItems]: Loading 'enableautofocus.cfg' file C:\Users\MrUser\Desktop\MinecraftDev\Psychedelicraft-Legacy-1.7.10\run\config\NEI\enableautofocus.cfg
[23:25:07] [Client thread/DEBUG] [CCL ASM/NotEnoughItems]: Writing method [codechicken/nei/guihook/GuiContainerManager.getManager(Lnet/minecraft/client/gui/inventory/GuiContainer;)Lcodechicken/nei/guihook/GuiContainerManager;]
[23:25:07] [Client thread/DEBUG] [CCL ASM/NotEnoughItems]: Writing method [codechicken/nei/guihook/GuiContainerManager.callKeyTyped(Lnet/minecraft/client/gui/inventory/GuiContainer;CI)V]
[23:25:07] [Client thread/DEBUG] [CCL ASM/NotEnoughItems]: Writing method [codechicken/nei/guihook/DefaultSlotClickHandler.callHandleMouseClick(Lnet/minecraft/client/gui/inventory/GuiContainer;Lnet/minecraft/inventory/Slot;III)V]
[23:25:07] [Client thread/INFO] [NotEnoughItems/NotEnoughItems]: Loading 'guidfilters.cfg' file C:\Users\MrUser\Desktop\MinecraftDev\Psychedelicraft-Legacy-1.7.10\run\config\NEI\guidfilters.cfg
[23:25:07] [Client thread/TRACE] [NotEnoughItems/NotEnoughItems]: Sent event FMLPreInitializationEvent to mod NotEnoughItems
[23:25:07] [Client thread/DEBUG] [FML/]: Bar Step: PreInitialization - NotEnoughItems took 0,322s
[23:25:07] [Client thread/TRACE] [CodeChickenCore/CodeChickenCore]: Sending event FMLPreInitializationEvent to mod CodeChickenCore
[23:25:07] [Client thread/TRACE] [CodeChickenCore/CodeChickenCore]: Sent event FMLPreInitializationEvent to mod CodeChickenCore
[23:25:07] [Client thread/DEBUG] [FML/]: Bar Step: PreInitialization - CodeChicken Core took 0,004s
[23:25:07] [Client thread/TRACE] [psychedelicraftcore/psychedelicraftcore]: Sending event FMLPreInitializationEvent to mod psychedelicraftcore
[23:25:07] [Client thread/TRACE] [psychedelicraftcore/psychedelicraftcore]: Sent event FMLPreInitializationEvent to mod psychedelicraftcore
[23:25:07] [Client thread/DEBUG] [FML/]: Bar Step: PreInitialization - Psychedelicraft Core took 0,000s
[23:25:07] [Client thread/TRACE] [psychedelicraft/psychedelicraft]: Sending event FMLPreInitializationEvent to mod psychedelicraft
[23:25:07] [Client thread/DEBUG] [FML/psychedelicraft]: Skipping automatic mod psychedelicraft entity registration for already registered class ivorius.psychedelicraft.entities.EntityMolotovCocktail
[23:25:07] [Client thread/TRACE] [FML/psychedelicraft]: Automatically registered mod psychedelicraft entity realityRift as psychedelicraft.realityRift
[23:25:07] [Client thread/DEBUG] [FML/psychedelicraft]: Skipping automatic mod psychedelicraft entity registration for already registered class ivorius.psychedelicraft.entities.EntityMolotovCocktail
[23:25:07] [Client thread/TRACE] [psychedelicraft/psychedelicraft]: Sent event FMLPreInitializationEvent to mod psychedelicraft
[23:25:07] [Client thread/DEBUG] [FML/]: Bar Step: PreInitialization - Psychedelicraft-Legacy-1.7.10 took 0,251s
[23:25:07] [Client thread/TRACE] [ivtoolkit/ivtoolkit]: Sending event FMLPreInitializationEvent to mod ivtoolkit
[23:25:07] [Client thread/TRACE] [ivtoolkit/ivtoolkit]: Sent event FMLPreInitializationEvent to mod ivtoolkit
[23:25:07] [Client thread/DEBUG] [FML/]: Bar Step: PreInitialization - IvToolkit took 0,000s
[23:25:07] [Client thread/DEBUG] [FML/]: Bar Finished: PreInitialization took 0,640s
[23:25:07] [Client thread/INFO] [FML/]: Applying holder lookups
[23:25:07] [Client thread/INFO] [FML/]: Holder lookups applied
[23:25:07] [Client thread/INFO] [FML/]: Injecting itemstacks
[23:25:07] [Client thread/INFO] [FML/]: Itemstack injection complete
[23:25:07] [Client thread/DEBUG] [FML/]: Bar Finished: Loading Resource - TextureManager took 0,000s
[23:25:07] [Sound Library Loader/INFO] [STDOUT/]: [paulscode.sound.SoundSystemLogger:message:69]: 
[23:25:07] [Sound Library Loader/INFO] [STDOUT/]: [paulscode.sound.SoundSystemLogger:message:69]: Starting up SoundSystem...
[23:25:07] [Thread-8/INFO] [STDOUT/]: [paulscode.sound.SoundSystemLogger:message:69]: Initializing LWJGL OpenAL
[23:25:07] [Thread-8/INFO] [STDOUT/]: [paulscode.sound.SoundSystemLogger:message:69]:     (The LWJGL binding of OpenAL.  For more information, see http://www.lwjgl.org)
[23:25:07] [Client thread/DEBUG] [FML/]: Bar Finished: Loading Resource - SoundHandler took 0,253s
[23:25:07] [Client thread/DEBUG] [FML/]: Bar Finished: Loading Resource - FontRenderer took 0,003s
[23:25:07] [Client thread/DEBUG] [FML/]: Bar Finished: Loading Resource - FontRenderer took 0,003s
[23:25:07] [Client thread/DEBUG] [FML/]: Bar Finished: Loading Resource - GrassColorReloadListener took 0,005s
[23:25:07] [Client thread/DEBUG] [FML/]: Bar Finished: Loading Resource - FoliageColorReloadListener took 0,006s
[23:25:07] [Client thread/DEBUG] [FML/]: Bar Step: Rendering Setup - Loading Render Manager took 0,099s
[23:25:07] [Client thread/DEBUG] [FML/]: Bar Finished: Loading Resource - EntityRenderer took 0,000s
[23:25:07] [Client thread/DEBUG] [FML/]: Bar Step: Rendering Setup - Loading Entity Renderer took 0,022s
[23:25:07] [Client thread/DEBUG] [FML/]: Bar Step: Rendering Setup - Loading GL properties took 0,001s
[23:25:07] [Client thread/DEBUG] [FML/]: Bar Step: Rendering Setup - Render Global instance took 0,038s
[23:25:07] [Client thread/DEBUG] [FML/]: Bar Step: Rendering Setup - Building Blocks Texture took 0,005s
[23:25:07] [Client thread/DEBUG] [FML/]: Bar Step: Rendering Setup - Anisotropy and Mipmaps took 0,000s
[23:25:07] [Client thread/DEBUG] [FML/]: Bar Finished: Texture stitching - missingno took 0,001s
[23:25:07] [Client thread/DEBUG] [FML/]: Bar Finished: Texture creation took 0,002s
[23:25:07] [Client thread/DEBUG] [FML/]: Bar Step: Rendering Setup - Loading Blocks Texture took 0,006s
[23:25:07] [Client thread/DEBUG] [FML/]: Bar Finished: Texture stitching - missingno took 0,000s
[23:25:07] [Client thread/DEBUG] [FML/]: Bar Finished: Texture creation took 0,001s
[23:25:07] [Client thread/DEBUG] [FML/]: Bar Step: Rendering Setup - Loading Items Texture took 0,004s
[23:25:07] [Client thread/DEBUG] [FML/]: Bar Step: Rendering Setup - Viewport took 0,002s
[23:25:07] [Client thread/DEBUG] [FML/]: Bar Finished: Rendering Setup took 0,179s
[23:25:07] [Client thread/TRACE] [mcp/mcp]: Sending event FMLInitializationEvent to mod mcp
[23:25:07] [Client thread/TRACE] [mcp/mcp]: Sent event FMLInitializationEvent to mod mcp
[23:25:07] [Client thread/DEBUG] [FML/]: Bar Step: Initialization - Minecraft Coder Pack took 0,000s
[23:25:07] [Client thread/TRACE] [FML/FML]: Sending event FMLInitializationEvent to mod FML
[23:25:07] [Client thread/TRACE] [FML/FML]: Sent event FMLInitializationEvent to mod FML
[23:25:07] [Client thread/DEBUG] [FML/]: Bar Step: Initialization - Forge Mod Loader took 0,000s
[23:25:07] [Client thread/TRACE] [Forge/Forge]: Sending event FMLInitializationEvent to mod Forge
[23:25:07] [Client thread/TRACE] [Forge/Forge]: Sent event FMLInitializationEvent to mod Forge
[23:25:07] [Client thread/DEBUG] [FML/]: Bar Step: Initialization - Minecraft Forge took 0,000s
[23:25:07] [Client thread/TRACE] [NotEnoughItems/NotEnoughItems]: Sending event FMLInitializationEvent to mod NotEnoughItems
[23:25:07] [Client thread/ERROR] [CodeChickenCore/NotEnoughItems]: Unable to do mod description scrolling due to lack of stencil buffer
[23:25:07] [Client thread/TRACE] [NotEnoughItems/NotEnoughItems]: Sent event FMLInitializationEvent to mod NotEnoughItems
[23:25:07] [Client thread/DEBUG] [FML/]: Bar Step: Initialization - NotEnoughItems took 0,069s
[23:25:07] [Client thread/TRACE] [CodeChickenCore/CodeChickenCore]: Sending event FMLInitializationEvent to mod CodeChickenCore
[23:25:07] [Client thread/ERROR] [CodeChickenCore/CodeChickenCore]: Unable to do mod description scrolling due to lack of stencil buffer
[23:25:07] [Client thread/TRACE] [CodeChickenCore/CodeChickenCore]: Sent event FMLInitializationEvent to mod CodeChickenCore
[23:25:07] [Client thread/DEBUG] [FML/]: Bar Step: Initialization - CodeChicken Core took 0,006s
[23:25:07] [Client thread/TRACE] [psychedelicraftcore/psychedelicraftcore]: Sending event FMLInitializationEvent to mod psychedelicraftcore
[23:25:07] [Client thread/TRACE] [psychedelicraftcore/psychedelicraftcore]: Sent event FMLInitializationEvent to mod psychedelicraftcore
[23:25:07] [Client thread/DEBUG] [FML/]: Bar Step: Initialization - Psychedelicraft Core took 0,000s
[23:25:07] [Client thread/TRACE] [psychedelicraft/psychedelicraft]: Sending event FMLInitializationEvent to mod psychedelicraft
[23:25:07] [Thread-8/INFO] [STDOUT/]: [paulscode.sound.SoundSystemLogger:message:69]: OpenAL initialized.
[23:25:07] [Sound Library Loader/INFO] [STDOUT/]: [paulscode.sound.SoundSystemLogger:message:69]: 
[23:25:08] [Client thread/INFO] [psychedelicraft/psychedelicraft]: Graphics card info: 
[23:25:08] [Client thread/INFO] [psychedelicraft/psychedelicraft]: Vendor              : NVIDIA Corporation
[23:25:08] [Client thread/INFO] [psychedelicraft/psychedelicraft]: Renderer            : NVIDIA GeForce RTX 3060 Laptop GPU/PCIe/SSE2
[23:25:08] [Client thread/INFO] [psychedelicraft/psychedelicraft]: Version             : 4.6.0 NVIDIA 591.86
[23:25:08] [Client thread/INFO] [psychedelicraft/psychedelicraft]: Versions            : 11:12:13:14:15:20:21:30:31:32:33
[23:25:08] [Client thread/INFO] [psychedelicraft/psychedelicraft]: Version Range       : 6 - 4
[23:25:08] [Client thread/INFO] [psychedelicraft/psychedelicraft]: GLSL Version        : 4.60 NVIDIA
[23:25:08] [Client thread/INFO] [psychedelicraft/psychedelicraft]: Frame buffer object : Supported
[23:25:08] [Client thread/TRACE] [psychedelicraft/psychedelicraft]: Sent event FMLInitializationEvent to mod psychedelicraft
[23:25:08] [Client thread/DEBUG] [FML/]: Bar Step: Initialization - Psychedelicraft-Legacy-1.7.10 took 0,486s
[23:25:08] [Client thread/TRACE] [ivtoolkit/ivtoolkit]: Sending event FMLInitializationEvent to mod ivtoolkit
[23:25:08] [Client thread/TRACE] [ivtoolkit/ivtoolkit]: Sent event FMLInitializationEvent to mod ivtoolkit
[23:25:08] [Client thread/DEBUG] [FML/]: Bar Step: Initialization - IvToolkit took 0,003s
[23:25:08] [Client thread/DEBUG] [FML/]: Bar Finished: Initialization took 0,565s
[23:25:08] [Client thread/TRACE] [FML/]: Attempting to deliver 0 IMC messages to mod mcp
[23:25:08] [Client thread/TRACE] [mcp/mcp]: Sending event IMCEvent to mod mcp
[23:25:08] [Client thread/TRACE] [mcp/mcp]: Sent event IMCEvent to mod mcp
[23:25:08] [Client thread/DEBUG] [FML/]: Bar Step: InterModComms$IMC - Minecraft Coder Pack took 0,003s
[23:25:08] [Client thread/TRACE] [FML/]: Attempting to deliver 0 IMC messages to mod FML
[23:25:08] [Client thread/TRACE] [FML/FML]: Sending event IMCEvent to mod FML
[23:25:08] [Client thread/TRACE] [FML/FML]: Sent event IMCEvent to mod FML
[23:25:08] [Client thread/DEBUG] [FML/]: Bar Step: InterModComms$IMC - Forge Mod Loader took 0,001s
[23:25:08] [Client thread/TRACE] [FML/]: Attempting to deliver 0 IMC messages to mod Forge
[23:25:08] [Client thread/TRACE] [Forge/Forge]: Sending event IMCEvent to mod Forge
[23:25:08] [Client thread/TRACE] [Forge/Forge]: Sent event IMCEvent to mod Forge
[23:25:08] [Client thread/DEBUG] [FML/]: Bar Step: InterModComms$IMC - Minecraft Forge took 0,000s
[23:25:08] [Client thread/TRACE] [FML/]: Attempting to deliver 0 IMC messages to mod NotEnoughItems
[23:25:08] [Client thread/TRACE] [NotEnoughItems/NotEnoughItems]: Sending event IMCEvent to mod NotEnoughItems
[23:25:08] [Client thread/TRACE] [NotEnoughItems/NotEnoughItems]: Sent event IMCEvent to mod NotEnoughItems
[23:25:08] [Client thread/DEBUG] [FML/]: Bar Step: InterModComms$IMC - NotEnoughItems took 0,003s
[23:25:08] [Client thread/TRACE] [FML/]: Attempting to deliver 0 IMC messages to mod CodeChickenCore
[23:25:08] [Client thread/TRACE] [CodeChickenCore/CodeChickenCore]: Sending event IMCEvent to mod CodeChickenCore
[23:25:08] [Client thread/TRACE] [CodeChickenCore/CodeChickenCore]: Sent event IMCEvent to mod CodeChickenCore
[23:25:08] [Client thread/DEBUG] [FML/]: Bar Step: InterModComms$IMC - CodeChicken Core took 0,000s
[23:25:08] [Client thread/TRACE] [FML/]: Attempting to deliver 0 IMC messages to mod psychedelicraftcore
[23:25:08] [Client thread/TRACE] [psychedelicraftcore/psychedelicraftcore]: Sending event IMCEvent to mod psychedelicraftcore
[23:25:08] [Client thread/TRACE] [psychedelicraftcore/psychedelicraftcore]: Sent event IMCEvent to mod psychedelicraftcore
[23:25:08] [Client thread/DEBUG] [FML/]: Bar Step: InterModComms$IMC - Psychedelicraft Core took 0,000s
[23:25:08] [Client thread/TRACE] [FML/]: Attempting to deliver 0 IMC messages to mod psychedelicraft
[23:25:08] [Client thread/TRACE] [psychedelicraft/psychedelicraft]: Sending event IMCEvent to mod psychedelicraft
[23:25:08] [Client thread/TRACE] [psychedelicraft/psychedelicraft]: Sent event IMCEvent to mod psychedelicraft
[23:25:08] [Client thread/DEBUG] [FML/]: Bar Step: InterModComms$IMC - Psychedelicraft-Legacy-1.7.10 took 0,000s
[23:25:08] [Client thread/TRACE] [FML/]: Attempting to deliver 0 IMC messages to mod ivtoolkit
[23:25:08] [Client thread/TRACE] [ivtoolkit/ivtoolkit]: Sending event IMCEvent to mod ivtoolkit
[23:25:08] [Client thread/TRACE] [ivtoolkit/ivtoolkit]: Sent event IMCEvent to mod ivtoolkit
[23:25:08] [Client thread/DEBUG] [FML/]: Bar Step: InterModComms$IMC - IvToolkit took 0,000s
[23:25:08] [Client thread/DEBUG] [FML/]: Bar Finished: InterModComms$IMC took 0,008s
[23:25:08] [Client thread/INFO] [FML/]: Injecting itemstacks
[23:25:08] [Client thread/INFO] [FML/]: Itemstack injection complete
[23:25:08] [Client thread/TRACE] [mcp/mcp]: Sending event FMLPostInitializationEvent to mod mcp
[23:25:08] [Client thread/TRACE] [mcp/mcp]: Sent event FMLPostInitializationEvent to mod mcp
[23:25:08] [Client thread/DEBUG] [FML/]: Bar Step: PostInitialization - Minecraft Coder Pack took 0,000s
[23:25:08] [Client thread/TRACE] [FML/FML]: Sending event FMLPostInitializationEvent to mod FML
[23:25:08] [Client thread/TRACE] [FML/FML]: Sent event FMLPostInitializationEvent to mod FML
[23:25:08] [Client thread/DEBUG] [FML/]: Bar Step: PostInitialization - Forge Mod Loader took 0,000s
[23:25:08] [Client thread/TRACE] [Forge/Forge]: Sending event FMLPostInitializationEvent to mod Forge
[23:25:08] [Client thread/TRACE] [Forge/Forge]: Sent event FMLPostInitializationEvent to mod Forge
[23:25:08] [Client thread/DEBUG] [FML/]: Bar Step: PostInitialization - Minecraft Forge took 0,061s
[23:25:08] [Client thread/TRACE] [NotEnoughItems/NotEnoughItems]: Sending event FMLPostInitializationEvent to mod NotEnoughItems
[23:25:08] [Client thread/DEBUG] [FML/NotEnoughItems]: Bar Finished: Loading Resource - GuiContainerManager$ResourcePackReloaded took 0,002s
[23:25:08] [Client thread/TRACE] [NotEnoughItems/NotEnoughItems]: Sent event FMLPostInitializationEvent to mod NotEnoughItems
[23:25:08] [Client thread/DEBUG] [FML/]: Bar Step: PostInitialization - NotEnoughItems took 0,004s
[23:25:08] [Client thread/TRACE] [CodeChickenCore/CodeChickenCore]: Sending event FMLPostInitializationEvent to mod CodeChickenCore
[23:25:08] [Client thread/TRACE] [CodeChickenCore/CodeChickenCore]: Sent event FMLPostInitializationEvent to mod CodeChickenCore
[23:25:08] [Client thread/DEBUG] [FML/]: Bar Step: PostInitialization - CodeChicken Core took 0,000s
[23:25:08] [Client thread/TRACE] [psychedelicraftcore/psychedelicraftcore]: Sending event FMLPostInitializationEvent to mod psychedelicraftcore
[23:25:08] [Client thread/TRACE] [psychedelicraftcore/psychedelicraftcore]: Sent event FMLPostInitializationEvent to mod psychedelicraftcore
[23:25:08] [Client thread/DEBUG] [FML/]: Bar Step: PostInitialization - Psychedelicraft Core took 0,000s
[23:25:08] [Client thread/TRACE] [psychedelicraft/psychedelicraft]: Sending event FMLPostInitializationEvent to mod psychedelicraft
[23:25:08] [Client thread/TRACE] [psychedelicraft/psychedelicraft]: Sent event FMLPostInitializationEvent to mod psychedelicraft
[23:25:08] [Client thread/DEBUG] [FML/]: Bar Step: PostInitialization - Psychedelicraft-Legacy-1.7.10 took 0,001s
[23:25:08] [Client thread/TRACE] [ivtoolkit/ivtoolkit]: Sending event FMLPostInitializationEvent to mod ivtoolkit
[23:25:08] [Client thread/TRACE] [ivtoolkit/ivtoolkit]: Sent event FMLPostInitializationEvent to mod ivtoolkit
[23:25:08] [Client thread/DEBUG] [FML/]: Bar Step: PostInitialization - IvToolkit took 0,000s
[23:25:08] [Client thread/DEBUG] [FML/]: Bar Finished: PostInitialization took 0,068s
[23:25:08] [Client thread/TRACE] [mcp/mcp]: Sending event FMLLoadCompleteEvent to mod mcp
[23:25:08] [Client thread/TRACE] [mcp/mcp]: Sent event FMLLoadCompleteEvent to mod mcp
[23:25:08] [Client thread/DEBUG] [FML/]: Bar Step: LoadComplete - Minecraft Coder Pack took 0,000s
[23:25:08] [Client thread/TRACE] [FML/FML]: Sending event FMLLoadCompleteEvent to mod FML
[23:25:08] [Client thread/TRACE] [FML/FML]: Sent event FMLLoadCompleteEvent to mod FML
[23:25:08] [Client thread/DEBUG] [FML/]: Bar Step: LoadComplete - Forge Mod Loader took 0,000s
[23:25:08] [Client thread/TRACE] [Forge/Forge]: Sending event FMLLoadCompleteEvent to mod Forge
[23:25:08] [Client thread/DEBUG] [FML/Forge]: Forge RecipeSorter Baking:
[23:25:08] [Client thread/DEBUG] [FML/Forge]:   14: RecipeEntry("Before", UNKNOWN, )
[23:25:08] [Client thread/DEBUG] [FML/Forge]:   13: RecipeEntry("minecraft:shaped", SHAPED, net.minecraft.item.crafting.ShapedRecipes) Before: minecraft:shapeless
[23:25:08] [Client thread/DEBUG] [FML/Forge]:   12: RecipeEntry("ConvertFluidContainer", SHAPED, ivorius.psychedelicraft.crafting.RecipeConvertFluidContainer)
[23:25:08] [Client thread/DEBUG] [FML/Forge]:   11: RecipeEntry("forge:shapedore", SHAPED, net.minecraftforge.oredict.ShapedOreRecipe) Before: minecraft:shapeless After: minecraft:shaped
[23:25:08] [Client thread/DEBUG] [FML/Forge]:   10: RecipeEntry("minecraft:mapextending", SHAPED, net.minecraft.item.crafting.RecipesMapExtending) Before: minecraft:shapeless After: minecraft:shaped
[23:25:08] [Client thread/DEBUG] [FML/Forge]:   9: RecipeEntry("minecraft:shapeless", SHAPELESS, net.minecraft.item.crafting.ShapelessRecipes) After: minecraft:shaped
[23:25:08] [Client thread/DEBUG] [FML/Forge]:   8: RecipeEntry("forge:shapelessore", SHAPELESS, net.minecraftforge.oredict.ShapelessOreRecipe) After: minecraft:shapeless
[23:25:08] [Client thread/DEBUG] [FML/Forge]:   7: RecipeEntry("minecraft:armordyes", SHAPELESS, net.minecraft.item.crafting.RecipesArmorDyes) After: minecraft:shapeless
[23:25:08] [Client thread/DEBUG] [FML/Forge]:   6: RecipeEntry("RecipeAction", SHAPELESS, ivorius.psychedelicraft.crafting.RecipeActionRepresentation)
[23:25:08] [Client thread/DEBUG] [FML/Forge]:   5: RecipeEntry("minecraft:fireworks", SHAPELESS, net.minecraft.item.crafting.RecipeFireworks) After: minecraft:shapeless
[23:25:08] [Client thread/DEBUG] [FML/Forge]:   4: RecipeEntry("FillDrink", SHAPELESS, ivorius.psychedelicraft.crafting.RecipeFillDrink)
[23:25:08] [Client thread/DEBUG] [FML/Forge]:   3: RecipeEntry("minecraft:bookcloning", SHAPELESS, net.minecraft.item.crafting.RecipeBookCloning) After: minecraft:shapeless
[23:25:08] [Client thread/DEBUG] [FML/Forge]:   2: RecipeEntry("minecraft:mapcloning", SHAPELESS, net.minecraft.item.crafting.RecipesMapCloning) After: minecraft:shapeless
[23:25:08] [Client thread/DEBUG] [FML/Forge]:   1: RecipeEntry("After", UNKNOWN, )
[23:25:08] [Client thread/DEBUG] [FML/Forge]: Sorting recipies
[23:25:08] [Client thread/TRACE] [Forge/Forge]: Sent event FMLLoadCompleteEvent to mod Forge
[23:25:08] [Client thread/DEBUG] [FML/]: Bar Step: LoadComplete - Minecraft Forge took 0,002s
[23:25:08] [Client thread/TRACE] [NotEnoughItems/NotEnoughItems]: Sending event FMLLoadCompleteEvent to mod NotEnoughItems
[23:25:08] [Client thread/INFO] [NotEnoughItems/NotEnoughItems]: Loading handler info from JAR
[23:25:08] [Client thread/INFO] [NotEnoughItems/NotEnoughItems]: Loaded codechicken.nei.recipe.BrewingRecipeHandler
[23:25:08] [Client thread/INFO] [NotEnoughItems/NotEnoughItems]: Loaded codechicken.nei.recipe.FireworkRecipeHandler
[23:25:08] [Client thread/INFO] [NotEnoughItems/NotEnoughItems]: Loaded codechicken.nei.recipe.FurnaceRecipeHandler
[23:25:08] [Client thread/INFO] [NotEnoughItems/NotEnoughItems]: Loaded codechicken.nei.recipe.ShapedRecipeHandler
[23:25:08] [Client thread/INFO] [NotEnoughItems/NotEnoughItems]: Loaded codechicken.nei.recipe.ShapelessRecipeHandler
[23:25:08] [Client thread/INFO] [NotEnoughItems/NotEnoughItems]: Loaded codechicken.nei.recipe.FuelRecipeHandler
[23:25:08] [Client thread/INFO] [NotEnoughItems/NotEnoughItems]: Loaded tonius.neiintegration.mods.mcforge.RecipeHandlerFluidRegistry
[23:25:08] [Client thread/INFO] [NotEnoughItems/NotEnoughItems]: Loaded tonius.neiintegration.mods.mcforge.RecipeHandlerOreDictionary
[23:25:08] [Client thread/INFO] [NotEnoughItems/NotEnoughItems]: Sending NEIRegisterHandlerInfosEvent
[23:25:08] [Client thread/DEBUG] [FML/NotEnoughItems]: Found a minecraft related file at C:\Users\MrUser\.gradle\caches\modules-2\files-2.1\org.lwjgl.lwjgl\lwjgl\2.9.4-nightly-20150209\697517568c68e78ae0b4544145af031c81082dfe\lwjgl-2.9.4-nightly-20150209.jar, examining for codechicken classes
[23:25:08] [Client thread/DEBUG] [FML/NotEnoughItems]: Found a minecraft related file at C:\Users\MrUser\.gradle\caches\modules-2\files-2.1\org.lwjgl.lwjgl\lwjgl_util\2.9.4-nightly-20150209\d51a7c040a721d13efdfbd34f8b257b2df882ad0\lwjgl_util-2.9.4-nightly-20150209.jar, examining for codechicken classes
[23:25:08] [Client thread/DEBUG] [FML/NotEnoughItems]: Found a minecraft related file at C:\Users\MrUser\.gradle\caches\modules-2\files-2.1\org.lwjgl.lwjgl\lwjgl-platform\2.9.4-nightly-20150209\b84d5102b9dbfabfeb5e43c7e2828d98a7fc80e0\lwjgl-platform-2.9.4-nightly-20150209-natives-windows.jar, examining for codechicken classes
[23:25:08] [Client thread/DEBUG] [FML/NotEnoughItems]: Found a minecraft related file at C:\Users\MrUser\Desktop\MinecraftDev\Psychedelicraft-Legacy-1.7.10\build\rfg\mclauncher-1.7.10.jar, examining for codechicken classes
[23:25:08] [Client thread/DEBUG] [FML/NotEnoughItems]: Found a minecraft related file at C:\Users\MrUser\Desktop\MinecraftDev\Psychedelicraft-Legacy-1.7.10\build\rfg\recompiled_minecraft-1.7.10.jar, examining for codechicken classes
[23:25:08] [Client thread/DEBUG] [FML/NotEnoughItems]: Found a minecraft related file at C:\Users\MrUser\.gradle\caches\modules-2\files-2.1\me.eigenraven.java8unsupported\java-8-unsupported-shim\1.0.0\2d0687782e2d091a6f3cf4709c54368fe6ab47e8\java-8-unsupported-shim-1.0.0.jar, examining for codechicken classes
[23:25:08] [Client thread/DEBUG] [FML/NotEnoughItems]: Found a minecraft related file at C:\Users\MrUser\.gradle\caches\modules-2\files-2.1\net.minecraft\launchwrapper\1.12\111e7bea9c968cdb3d06ef4632bf7ff0824d0f36\launchwrapper-1.12.jar, examining for codechicken classes
[23:25:08] [Client thread/DEBUG] [FML/NotEnoughItems]: Found a minecraft related file at C:\Users\MrUser\.gradle\caches\modules-2\files-2.1\com.mojang\authlib\1.5.21\aefba0d5b53fbcb70860bc8046ab95d5854c07a5\authlib-1.5.21.jar, examining for codechicken classes
[23:25:08] [Client thread/DEBUG] [FML/NotEnoughItems]: Found a minecraft related file at C:\Users\MrUser\.gradle\caches\modules-2\files-2.1\com.google.code.findbugs\jsr305\2.0.1\516c03b21d50a644d538de0f0369c620989cd8f0\jsr305-2.0.1.jar, examining for codechicken classes
[23:25:08] [Client thread/DEBUG] [FML/NotEnoughItems]: Found a minecraft related file at C:\Users\MrUser\.gradle\caches\modules-2\files-2.1\com.typesafe.akka\akka-actor_2.11\2.3.3\ed62e9fc709ca0f2ff1a3220daa8b70a2870078e\akka-actor_2.11-2.3.3.jar, examining for codechicken classes
[23:25:08] [Client thread/DEBUG] [FML/NotEnoughItems]: Found a minecraft related file at C:\Users\MrUser\.gradle\caches\modules-2\files-2.1\com.typesafe\config\1.2.1\f771f71fdae3df231bcd54d5ca2d57f0bf93f467\config-1.2.1.jar, examining for codechicken classes
[23:25:08] [Client thread/DEBUG] [FML/NotEnoughItems]: Found a minecraft related file at C:\Users\MrUser\.gradle\caches\modules-2\files-2.1\org.scala-lang\scala-actors-migration_2.11\1.1.0\dfa8bc42b181d5b9f1a5dd147f8ae308b893eb6f\scala-actors-migration_2.11-1.1.0.jar, examining for codechicken classes
[23:25:08] [Client thread/DEBUG] [FML/NotEnoughItems]: Found a minecraft related file at C:\Users\MrUser\.gradle\caches\modules-2\files-2.1\org.scala-lang\scala-compiler\2.11.5\eb2631e425d240f55ffc060c3262caa4d05d8d1a\scala-compiler-2.11.5.jar, examining for codechicken classes
[23:25:08] [Client thread/DEBUG] [FML/NotEnoughItems]: Found a minecraft related file at C:\Users\MrUser\.gradle\caches\modules-2\files-2.1\org.scala-lang.plugins\scala-continuations-library_2.11\1.0.2\e517c53a7e9acd6b1668c5a35eccbaa3bab9aac\scala-continuations-library_2.11-1.0.2.jar, examining for codechicken classes
[23:25:08] [Client thread/DEBUG] [FML/NotEnoughItems]: Found a minecraft related file at C:\Users\MrUser\.gradle\caches\modules-2\files-2.1\org.scala-lang.plugins\scala-continuations-plugin_2.11.1\1.0.2\f361a3283452c57fa30c1ee69448995de23c60f7\scala-continuations-plugin_2.11.1-1.0.2.jar, examining for codechicken classes
[23:25:08] [Client thread/DEBUG] [FML/NotEnoughItems]: Found a minecraft related file at C:\Users\MrUser\.gradle\caches\modules-2\files-2.1\org.scala-lang\scala-library\2.11.5\a5544bb030c5e6c3d81ad116b7dc5024f047df26\scala-library-2.11.5.jar, examining for codechicken classes
[23:25:08] [Client thread/DEBUG] [FML/NotEnoughItems]: Found a minecraft related file at C:\Users\MrUser\.gradle\caches\modules-2\files-2.1\org.scala-lang\scala-parser-combinators_2.11\1.0.1\f05d7345bf5a58924f2837c6c1f4d73a938e1ff0\scala-parser-combinators_2.11-1.0.1.jar, examining for codechicken classes
[23:25:08] [Client thread/DEBUG] [FML/NotEnoughItems]: Found a minecraft related file at C:\Users\MrUser\.gradle\caches\modules-2\files-2.1\org.scala-lang\scala-reflect\2.11.5\69ce65b0f0767c4e5eafaf789fdde7aab78bd9d\scala-reflect-2.11.5.jar, examining for codechicken classes
[23:25:08] [Client thread/DEBUG] [FML/NotEnoughItems]: Found a minecraft related file at C:\Users\MrUser\.gradle\caches\modules-2\files-2.1\org.scala-lang\scala-swing_2.11\1.0.1\b1cdd92bd47b1e1837139c1c53020e86bb9112ae\scala-swing_2.11-1.0.1.jar, examining for codechicken classes
[23:25:08] [Client thread/DEBUG] [FML/NotEnoughItems]: Found a minecraft related file at C:\Users\MrUser\.gradle\caches\modules-2\files-2.1\org.scala-lang\scala-xml_2.11\1.0.2\7a80ec00aec122fba7cd4e0d4cdd87ff7e4cb6d0\scala-xml_2.11-1.0.2.jar, examining for codechicken classes
[23:25:08] [Client thread/DEBUG] [FML/NotEnoughItems]: Found a minecraft related file at C:\Users\MrUser\.gradle\caches\modules-2\files-2.1\lzma\lzma\0.0.1\521616dc7487b42bef0e803bd2fa3faf668101d7\lzma-0.0.1.jar, examining for codechicken classes
[23:25:08] [Client thread/DEBUG] [FML/NotEnoughItems]: Found a minecraft related file at C:\Users\MrUser\.gradle\caches\modules-2\files-2.1\org.ow2.asm\asm-debug-all\5.0.3\f9e364ae2a66ce2a543012a4668856e84e5dab74\asm-debug-all-5.0.3.jar, examining for codechicken classes
[23:25:08] [Client thread/DEBUG] [FML/NotEnoughItems]: Found a minecraft related file at C:\Users\MrUser\.gradle\caches\modules-2\files-2.1\com.paulscode\codecjorbis\20101023\c73b5636faf089d9f00e8732a829577de25237ee\codecjorbis-20101023.jar, examining for codechicken classes
[23:25:08] [Client thread/DEBUG] [FML/NotEnoughItems]: Found a minecraft related file at C:\Users\MrUser\.gradle\caches\modules-2\files-2.1\com.paulscode\codecwav\20101023\12f031cfe88fef5c1dd36c563c0a3a69bd7261da\codecwav-20101023.jar, examining for codechicken classes
[23:25:08] [Client thread/DEBUG] [FML/NotEnoughItems]: Found a minecraft related file at C:\Users\MrUser\.gradle\caches\modules-2\files-2.1\com.paulscode\libraryjavasound\20101123\5c5e304366f75f9eaa2e8cca546a1fb6109348b3\libraryjavasound-20101123.jar, examining for codechicken classes
[23:25:08] [Client thread/DEBUG] [FML/NotEnoughItems]: Found a minecraft related file at C:\Users\MrUser\.gradle\caches\modules-2\files-2.1\com.paulscode\librarylwjglopenal\20100824\73e80d0794c39665aec3f62eee88ca91676674ef\librarylwjglopenal-20100824.jar, examining for codechicken classes
[23:25:08] [Client thread/DEBUG] [FML/NotEnoughItems]: Found a minecraft related file at C:\Users\MrUser\.gradle\caches\modules-2\files-2.1\com.paulscode\soundsystem\20120107\419c05fe9be71f792b2d76cfc9b67f1ed0fec7f6\soundsystem-20120107.jar, examining for codechicken classes
[23:25:08] [Client thread/DEBUG] [FML/NotEnoughItems]: Found a minecraft related file at C:\Users\MrUser\.gradle\caches\modules-2\files-2.1\com.mojang\netty\1.8.8\a796914d1c8a55b4da9f4a8856dd9623375d8bb\netty-1.8.8.jar, examining for codechicken classes
[23:25:08] [Client thread/DEBUG] [FML/NotEnoughItems]: Found a minecraft related file at C:\Users\MrUser\.gradle\caches\modules-2\files-2.1\com.mojang\realms\1.3.5\807ae355ee63583becd7ea60e76aab1532bb42e\realms-1.3.5.jar, examining for codechicken classes
[23:25:08] [Client thread/DEBUG] [FML/NotEnoughItems]: Found a minecraft related file at C:\Users\MrUser\.gradle\caches\modules-2\files-2.1\org.apache.commons\commons-compress\1.8.1\a698750c16740fd5b3871425f4cb3bbaa87f529d\commons-compress-1.8.1.jar, examining for codechicken classes
[23:25:08] [Client thread/DEBUG] [FML/NotEnoughItems]: Found a minecraft related file at C:\Users\MrUser\.gradle\caches\modules-2\files-2.1\org.apache.httpcomponents\httpclient\4.3.3\18f4247ff4572a074444572cee34647c43e7c9c7\httpclient-4.3.3.jar, examining for codechicken classes
[23:25:08] [Client thread/DEBUG] [FML/NotEnoughItems]: Found a minecraft related file at C:\Users\MrUser\.gradle\caches\modules-2\files-2.1\commons-logging\commons-logging\1.1.3\f6f66e966c70a83ffbdb6f17a0919eaf7c8aca7f\commons-logging-1.1.3.jar, examining for codechicken classes
[23:25:08] [Client thread/DEBUG] [FML/NotEnoughItems]: Found a minecraft related file at C:\Users\MrUser\.gradle\caches\modules-2\files-2.1\org.apache.httpcomponents\httpcore\4.3.2\31fbbff1ddbf98f3aa7377c94d33b0447c646b6e\httpcore-4.3.2.jar, examining for codechicken classes
[23:25:08] [Client thread/DEBUG] [FML/NotEnoughItems]: Found a minecraft related file at C:\Users\MrUser\.gradle\caches\modules-2\files-2.1\java3d\vecmath\1.3.1\a0ae4f51da409fa0c20fa0ca59e6bbc9413ae71d\vecmath-1.3.1.jar, examining for codechicken classes
[23:25:08] [Client thread/DEBUG] [FML/NotEnoughItems]: Found a minecraft related file at C:\Users\MrUser\.gradle\caches\modules-2\files-2.1\net.sf.trove4j\trove4j\3.0.3\42ccaf4761f0dfdfa805c9e340d99a755907e2dd\trove4j-3.0.3.jar, examining for codechicken classes
[23:25:08] [Client thread/DEBUG] [FML/NotEnoughItems]: Found a minecraft related file at C:\Users\MrUser\.gradle\caches\modules-2\files-2.1\com.ibm.icu\icu4j-core-mojang\51.2\63d216a9311cca6be337c1e458e587f99d382b84\icu4j-core-mojang-51.2.jar, examining for codechicken classes
[23:25:08] [Client thread/DEBUG] [FML/NotEnoughItems]: Found a minecraft related file at C:\Users\MrUser\.gradle\caches\modules-2\files-2.1\net.sf.jopt-simple\jopt-simple\4.5\6065cc95c661255349c1d0756657be17c29a4fd3\jopt-simple-4.5.jar, examining for codechicken classes
[23:25:08] [Client thread/DEBUG] [FML/NotEnoughItems]: Found a minecraft related file at C:\Users\MrUser\.gradle\caches\modules-2\files-2.1\io.netty\netty-all\4.0.10.Final\9e50bd52ffe257a0e2cd8d971688d6ce7d174325\netty-all-4.0.10.Final.jar, examining for codechicken classes
[23:25:08] [Client thread/DEBUG] [FML/NotEnoughItems]: Found a minecraft related file at C:\Users\MrUser\.gradle\caches\modules-2\files-2.1\com.google.guava\guava\17.0\9c6ef172e8de35fd8d4d8783e4821e57cdef7445\guava-17.0.jar, examining for codechicken classes
[23:25:08] [Client thread/DEBUG] [FML/NotEnoughItems]: Found a minecraft related file at C:\Users\MrUser\.gradle\caches\modules-2\files-2.1\org.apache.commons\commons-lang3\3.3.2\90a3822c38ec8c996e84c16a3477ef632cbc87a3\commons-lang3-3.3.2.jar, examining for codechicken classes
[23:25:08] [Client thread/DEBUG] [FML/NotEnoughItems]: Found a minecraft related file at C:\Users\MrUser\.gradle\caches\modules-2\files-2.1\commons-io\commons-io\2.4\b1b6ea3b7e4aa4f492509a4952029cd8e48019ad\commons-io-2.4.jar, examining for codechicken classes
[23:25:08] [Client thread/DEBUG] [FML/NotEnoughItems]: Found a minecraft related file at C:\Users\MrUser\.gradle\caches\modules-2\files-2.1\commons-codec\commons-codec\1.9\9ce04e34240f674bc72680f8b843b1457383161a\commons-codec-1.9.jar, examining for codechicken classes
[23:25:08] [Client thread/DEBUG] [FML/NotEnoughItems]: Found a minecraft related file at C:\Users\MrUser\.gradle\caches\modules-2\files-2.1\net.java.jinput\jinput\2.0.5\39c7796b469a600f72380316f6b1f11db6c2c7c4\jinput-2.0.5.jar, examining for codechicken classes
[23:25:08] [Client thread/DEBUG] [FML/NotEnoughItems]: Found a minecraft related file at C:\Users\MrUser\.gradle\caches\modules-2\files-2.1\net.java.jutils\jutils\1.0.0\e12fe1fda814bd348c1579329c86943d2cd3c6a6\jutils-1.0.0.jar, examining for codechicken classes
[23:25:08] [Client thread/DEBUG] [FML/NotEnoughItems]: Found a minecraft related file at C:\Users\MrUser\.gradle\caches\modules-2\files-2.1\com.google.code.gson\gson\2.2.4\a60a5e993c98c864010053cb901b7eab25306568\gson-2.2.4.jar, examining for codechicken classes
[23:25:08] [Client thread/DEBUG] [FML/NotEnoughItems]: Found a minecraft related file at C:\Users\MrUser\.gradle\caches\modules-2\files-2.1\org.apache.logging.log4j\log4j-api\2.0-beta9-fixed\b61eaf2e64d8b0277e188262a8b771bbfa1502b3\log4j-api-2.0-beta9-fixed.jar, examining for codechicken classes
[23:25:08] [Client thread/DEBUG] [FML/NotEnoughItems]: Found a minecraft related file at C:\Users\MrUser\.gradle\caches\modules-2\files-2.1\org.apache.logging.log4j\log4j-core\2.0-beta9-fixed\677991ea2d7426f76309a73739cecf609679492c\log4j-core-2.0-beta9-fixed.jar, examining for codechicken classes
[23:25:08] [Client thread/DEBUG] [FML/NotEnoughItems]: Found a minecraft related file at C:\Users\MrUser\.gradle\caches\modules-2\files-2.1\net.java.jinput\jinput-platform\2.0.5\385ee093e01f587f30ee1c8a2ee7d408fd732e16\jinput-platform-2.0.5-natives-windows.jar, examining for codechicken classes
[23:25:08] [Client thread/DEBUG] [FML/NotEnoughItems]: Found a minecraft related file at C:\Users\MrUser\.gradle\caches\modules-2\files-2.1\net.java.jinput\jinput-platform\2.0.5\7ff832a6eb9ab6a767f1ade2b548092d0fa64795\jinput-platform-2.0.5-natives-linux.jar, examining for codechicken classes
[23:25:08] [Client thread/DEBUG] [FML/NotEnoughItems]: Found a minecraft related file at C:\Users\MrUser\.gradle\caches\modules-2\files-2.1\net.java.jinput\jinput-platform\2.0.5\53f9c919f34d2ca9de8c51fc4e1e8282029a9232\jinput-platform-2.0.5-natives-osx.jar, examining for codechicken classes
[23:25:08] [Client thread/DEBUG] [FML/NotEnoughItems]: Found a minecraft related file at C:\Users\MrUser\.gradle\caches\modules-2\files-2.1\tv.twitch\twitch\5.16\1f55f009c61637c10c0acfb8b5ffc600f30044b4\twitch-5.16.jar, examining for codechicken classes
[23:25:08] [Client thread/DEBUG] [FML/NotEnoughItems]: Found a minecraft related file at C:\Users\MrUser\.gradle\caches\modules-2\files-2.1\tv.twitch\twitch-platform\5.16\39d0c3d363735b4785598e0e7fbf8297c706a9f9\twitch-platform-5.16-natives-windows-64.jar, examining for codechicken classes
[23:25:08] [Client thread/DEBUG] [FML/NotEnoughItems]: Found a minecraft related file at C:\Users\MrUser\.gradle\caches\modules-2\files-2.1\tv.twitch\twitch-platform\5.16\7c6affe439099806a4f552da14c42f9d643d8b23\twitch-platform-5.16-natives-windows-32.jar, examining for codechicken classes
[23:25:08] [Client thread/DEBUG] [FML/NotEnoughItems]: Found a minecraft related file at C:\Users\MrUser\.gradle\caches\modules-2\files-2.1\tv.twitch\twitch-platform\5.16\62503ee712766cf77f97252e5902786fd834b8c5\twitch-platform-5.16-natives-osx.jar, examining for codechicken classes
[23:25:08] [Client thread/DEBUG] [FML/NotEnoughItems]: Found a minecraft related file at C:\Users\MrUser\.gradle\caches\modules-2\files-2.1\tv.twitch\twitch-external-platform\4.5\c3cde57891b935d41b6680a9c5e1502eeab76d86\twitch-external-platform-4.5-natives-windows-64.jar, examining for codechicken classes
[23:25:08] [Client thread/DEBUG] [FML/NotEnoughItems]: Found a minecraft related file at C:\Users\MrUser\.gradle\caches\modules-2\files-2.1\tv.twitch\twitch-external-platform\4.5\18215140f010c05b9f86ef6f0f8871954d2ccebf\twitch-external-platform-4.5-natives-windows-32.jar, examining for codechicken classes
[23:25:08] [Client thread/DEBUG] [FML/NotEnoughItems]: Found a minecraft related file at C:\Users\MrUser\Desktop\MinecraftDev\Psychedelicraft-Legacy-1.7.10\build\libs\Psychedelicraft-1.5.4-dev.jar, examining for codechicken classes
[23:25:08] [Client thread/DEBUG] [FML/NotEnoughItems]: Found a minecraft related file at C:\Users\MrUser\.gradle\caches\modules-2\files-2.1\com.github.quentin452\IvToolkit\V1.2.2\df62c8bf06af4dfb661c0bc86e58e991585102a1\IvToolkit-V1.2.2.jar, examining for codechicken classes
[23:25:08] [Client thread/DEBUG] [FML/NotEnoughItems]: Found a minecraft related file at C:\Users\MrUser\.gradle\caches\modules-2\files-2.1\org.eclipse.jgit\org.eclipse.jgit\6.8.0.202311291450-r\a665a8ad3a3fbeaee292d5927d204ffe8f6aa23d\org.eclipse.jgit-6.8.0.202311291450-r.jar, examining for codechicken classes
[23:25:08] [Client thread/DEBUG] [FML/NotEnoughItems]: Found a minecraft related file at C:\Users\MrUser\.gradle\caches\modules-2\files-2.1\com.github.GTNewHorizons\NotEnoughItems\2.7.4-GTNH\86b7c28a7e2a357ec04763ce60cfc4f3b85135db\NotEnoughItems-2.7.4-GTNH-dev.jar, examining for codechicken classes
[23:25:08] [Client thread/DEBUG] [FML/NotEnoughItems]: Found a minecraft related file at C:\Users\MrUser\.gradle\caches\modules-2\files-2.1\commons-codec\commons-codec\1.16.0\4e3eb3d79888d76b54e28b350915b5dc3919c9de\commons-codec-1.16.0.jar, examining for codechicken classes
[23:25:08] [Client thread/DEBUG] [FML/NotEnoughItems]: Found a minecraft related file at C:\Users\MrUser\.gradle\caches\modules-2\files-2.1\com.googlecode.javaewah\JavaEWAH\1.2.3\13a27c856e0c8808cee9a64032c58eee11c3adc9\JavaEWAH-1.2.3.jar, examining for codechicken classes
[23:25:08] [Client thread/DEBUG] [FML/NotEnoughItems]: Found a minecraft related file at C:\Users\MrUser\.gradle\caches\modules-2\files-2.1\org.slf4j\slf4j-api\1.7.36\6c62681a2f655b49963a5983b8b0950a6120ae14\slf4j-api-1.7.36.jar, examining for codechicken classes
[23:25:08] [Client thread/DEBUG] [FML/NotEnoughItems]: Found a minecraft related file at C:\Users\MrUser\.gradle\caches\modules-2\files-2.1\com.github.GTNewHorizons\CodeChickenCore\1.4.0\a680e0f45e839e1b3c27e5b4ae99da860a5cfb0e\CodeChickenCore-1.4.0-dev.jar, examining for codechicken classes
[23:25:08] [Client thread/INFO] [NotEnoughItems/NotEnoughItems]: Creating default 'handlerordering.csv' C:\Users\MrUser\Desktop\MinecraftDev\Psychedelicraft-Legacy-1.7.10\run\config\NEI\handlerordering.csv
[23:25:08] [Client thread/INFO] [NotEnoughItems/NotEnoughItems]: Loading 'handlerordering.csv' file C:\Users\MrUser\Desktop\MinecraftDev\Psychedelicraft-Legacy-1.7.10\run\config\NEI\handlerordering.csv
[23:25:08] [Client thread/TRACE] [NotEnoughItems/NotEnoughItems]: Sent event FMLLoadCompleteEvent to mod NotEnoughItems
[23:25:08] [Client thread/DEBUG] [FML/]: Bar Step: LoadComplete - NotEnoughItems took 0,128s
[23:25:08] [Client thread/TRACE] [CodeChickenCore/CodeChickenCore]: Sending event FMLLoadCompleteEvent to mod CodeChickenCore
[23:25:08] [Client thread/TRACE] [CodeChickenCore/CodeChickenCore]: Sent event FMLLoadCompleteEvent to mod CodeChickenCore
[23:25:08] [Client thread/DEBUG] [FML/]: Bar Step: LoadComplete - CodeChicken Core took 0,003s
[23:25:08] [Client thread/TRACE] [psychedelicraftcore/psychedelicraftcore]: Sending event FMLLoadCompleteEvent to mod psychedelicraftcore
[23:25:08] [Client thread/TRACE] [psychedelicraftcore/psychedelicraftcore]: Sent event FMLLoadCompleteEvent to mod psychedelicraftcore
[23:25:08] [Client thread/DEBUG] [FML/]: Bar Step: LoadComplete - Psychedelicraft Core took 0,000s
[23:25:08] [Client thread/TRACE] [psychedelicraft/psychedelicraft]: Sending event FMLLoadCompleteEvent to mod psychedelicraft
[23:25:08] [Client thread/TRACE] [psychedelicraft/psychedelicraft]: Sent event FMLLoadCompleteEvent to mod psychedelicraft
[23:25:08] [Client thread/DEBUG] [FML/]: Bar Step: LoadComplete - Psychedelicraft-Legacy-1.7.10 took 0,000s
[23:25:08] [Client thread/TRACE] [ivtoolkit/ivtoolkit]: Sending event FMLLoadCompleteEvent to mod ivtoolkit
[23:25:08] [Client thread/TRACE] [ivtoolkit/ivtoolkit]: Sent event FMLLoadCompleteEvent to mod ivtoolkit
[23:25:08] [Client thread/DEBUG] [FML/]: Bar Step: LoadComplete - IvToolkit took 0,000s
[23:25:08] [Client thread/DEBUG] [FML/]: Bar Finished: LoadComplete took 0,134s
[23:25:08] [Client thread/DEBUG] [FML/]: Freezing block and item id maps
[23:25:08] [Client thread/DEBUG] [FML/]: Registry consistency check successful
[23:25:08] [Client thread/DEBUG] [FML/]: Registry consistency check successful
[23:25:08] [Client thread/INFO] [FML/]: Forge Mod Loader has successfully loaded 8 mods
[23:25:08] [Client thread/DEBUG] [FML/]: Bar Step: Loading Resources - Default took 0,001s
[23:25:08] [Client thread/DEBUG] [FML/]: Bar Step: Loading Resources - FMLFileResourcePack:Forge Mod Loader took 0,004s
[23:25:08] [Client thread/DEBUG] [FML/]: Bar Step: Loading Resources - FMLFileResourcePack:Minecraft Forge took 0,005s
[23:25:08] [Client thread/DEBUG] [FML/]: Bar Step: Loading Resources - FMLFileResourcePack:NotEnoughItems took 0,001s
[23:25:08] [Client thread/DEBUG] [FML/]: Bar Step: Loading Resources - FMLFileResourcePack:Psychedelicraft-Legacy-1.7.10 took 0,001s
[23:25:08] [Client thread/DEBUG] [FML/]: Bar Step: Loading Resources - FMLFileResourcePack:IvToolkit took 0,000s
[23:25:08] [Client thread/DEBUG] [FML/]: Bar Finished: Texture Loading took 0,131s
[23:25:09] [Client thread/DEBUG] [FML/]: Bar Finished: Mipmap generation took 0,392s
[23:25:09] [Client thread/DEBUG] [FML/]: Bar Finished: Texture stitching took 0,015s
[23:25:09] [Client thread/DEBUG] [FML/]: Bar Finished: Texture creation took 0,025s
[23:25:09] [Client thread/DEBUG] [FML/]: Bar Step: Reloading Texture Manager - minecraft:textures/atlas/blocks.png took 0,549s
[23:25:09] [Client thread/DEBUG] [FML/]: Bar Step: Reloading Texture Manager - minecraft:textures/font/ascii.png took 0,006s
[23:25:09] [Client thread/DEBUG] [FML/]: Bar Step: Reloading Texture Manager - minecraft:dynamic/lightMap_1 took 0,000s
[23:25:09] [Client thread/DEBUG] [FML/]: Bar Step: Reloading Texture Manager - minecraft:textures/font/ascii_sga.png took 0,006s
[23:25:09] [Client thread/DEBUG] [FML/]: Bar Finished: Texture Loading took 0,042s
[23:25:09] [Client thread/DEBUG] [FML/]: Bar Finished: Mipmap generation took 0,027s
[23:25:09] [Client thread/DEBUG] [FML/]: Bar Finished: Texture stitching took 0,004s
[23:25:09] [Client thread/DEBUG] [FML/]: Bar Finished: Texture creation took 0,005s
[23:25:09] [Client thread/DEBUG] [FML/]: Bar Step: Reloading Texture Manager - minecraft:textures/atlas/items.png took 0,074s
[23:25:09] [Client thread/DEBUG] [FML/]: Bar Finished: Reloading Texture Manager took 0,635s
[23:25:09] [Client thread/INFO] [STDOUT/]: [paulscode.sound.SoundSystemLogger:message:69]: 
[23:25:09] [Client thread/INFO] [STDOUT/]: [paulscode.sound.SoundSystemLogger:message:69]: SoundSystem shutting down...
[23:25:09] [Client thread/INFO] [STDOUT/]: [paulscode.sound.SoundSystemLogger:importantMessage:90]:     Author: Paul Lamb, www.paulscode.com
[23:25:09] [Client thread/INFO] [STDOUT/]: [paulscode.sound.SoundSystemLogger:message:69]: 
[23:25:09] [Sound Library Loader/INFO] [STDOUT/]: [paulscode.sound.SoundSystemLogger:message:69]: 
[23:25:09] [Sound Library Loader/INFO] [STDOUT/]: [paulscode.sound.SoundSystemLogger:message:69]: Starting up SoundSystem...
[23:25:09] [Thread-10/INFO] [STDOUT/]: [paulscode.sound.SoundSystemLogger:message:69]: Initializing LWJGL OpenAL
[23:25:09] [Thread-10/INFO] [STDOUT/]: [paulscode.sound.SoundSystemLogger:message:69]:     (The LWJGL binding of OpenAL.  For more information, see http://www.lwjgl.org)
[23:25:09] [Client thread/DEBUG] [FML/]: Bar Finished: Reloading took 1,064s
[23:25:09] [Client thread/DEBUG] [FML/]: Bar Step: Loading Resources - Reloading listeners took 1,065s
[23:25:09] [Client thread/DEBUG] [FML/]: Bar Finished: Loading Resources took 1,078s
[23:25:09] [Client thread/DEBUG] [Forge Mod Loader/]: Mod Forge Mod Loader is missing a pack.mcmeta file, substituting a dummy one
[23:25:09] [Client thread/DEBUG] [Minecraft Forge/]: Mod Minecraft Forge is missing a pack.mcmeta file, substituting a dummy one
[23:25:09] [Client thread/DEBUG] [NotEnoughItems/]: Mod NotEnoughItems is missing a pack.mcmeta file, substituting a dummy one
[23:25:09] [Client thread/DEBUG] [Psychedelicraft-Legacy-1.7.10/]: Mod Psychedelicraft-Legacy-1.7.10 is missing a pack.mcmeta file, substituting a dummy one
[23:25:09] [Client thread/DEBUG] [IvToolkit/]: Mod IvToolkit is missing a pack.mcmeta file, substituting a dummy one
[23:25:09] [Client thread/DEBUG] [FML/]: Bar Finished: Loading took 6,727s
[23:25:09] [Thread-10/INFO] [STDOUT/]: [paulscode.sound.SoundSystemLogger:message:69]: OpenAL initialized.
[23:25:10] [Sound Library Loader/INFO] [STDOUT/]: [paulscode.sound.SoundSystemLogger:message:69]: 
[23:25:39] [Client thread/DEBUG] [FML/]: Gathering id map for writing to world save Psyshodelicraft test
[23:25:40] [Server thread/TRACE] [mcp/mcp]: Sending event FMLServerAboutToStartEvent to mod mcp
[23:25:40] [Server thread/TRACE] [mcp/mcp]: Sent event FMLServerAboutToStartEvent to mod mcp
[23:25:40] [Server thread/DEBUG] [FML/]: Bar Step: ServerAboutToStart - Minecraft Coder Pack took 0,000s
[23:25:40] [Server thread/TRACE] [FML/FML]: Sending event FMLServerAboutToStartEvent to mod FML
[23:25:40] [Server thread/TRACE] [FML/FML]: Sent event FMLServerAboutToStartEvent to mod FML
[23:25:40] [Server thread/DEBUG] [FML/]: Bar Step: ServerAboutToStart - Forge Mod Loader took 0,000s
[23:25:40] [Server thread/TRACE] [Forge/Forge]: Sending event FMLServerAboutToStartEvent to mod Forge
[23:25:40] [Server thread/TRACE] [Forge/Forge]: Sent event FMLServerAboutToStartEvent to mod Forge
[23:25:40] [Server thread/DEBUG] [FML/]: Bar Step: ServerAboutToStart - Minecraft Forge took 0,000s
[23:25:40] [Server thread/TRACE] [NotEnoughItems/NotEnoughItems]: Sending event FMLServerAboutToStartEvent to mod NotEnoughItems
[23:25:40] [Server thread/TRACE] [NotEnoughItems/NotEnoughItems]: Sent event FMLServerAboutToStartEvent to mod NotEnoughItems
[23:25:40] [Server thread/DEBUG] [FML/]: Bar Step: ServerAboutToStart - NotEnoughItems took 0,000s
[23:25:40] [Server thread/TRACE] [CodeChickenCore/CodeChickenCore]: Sending event FMLServerAboutToStartEvent to mod CodeChickenCore
[23:25:40] [Server thread/TRACE] [CodeChickenCore/CodeChickenCore]: Sent event FMLServerAboutToStartEvent to mod CodeChickenCore
[23:25:40] [Server thread/DEBUG] [FML/]: Bar Step: ServerAboutToStart - CodeChicken Core took 0,000s
[23:25:40] [Server thread/TRACE] [psychedelicraftcore/psychedelicraftcore]: Sending event FMLServerAboutToStartEvent to mod psychedelicraftcore
[23:25:40] [Server thread/TRACE] [psychedelicraftcore/psychedelicraftcore]: Sent event FMLServerAboutToStartEvent to mod psychedelicraftcore
[23:25:40] [Server thread/DEBUG] [FML/]: Bar Step: ServerAboutToStart - Psychedelicraft Core took 0,000s
[23:25:40] [Server thread/TRACE] [psychedelicraft/psychedelicraft]: Sending event FMLServerAboutToStartEvent to mod psychedelicraft
[23:25:40] [Server thread/TRACE] [psychedelicraft/psychedelicraft]: Sent event FMLServerAboutToStartEvent to mod psychedelicraft
[23:25:40] [Server thread/DEBUG] [FML/]: Bar Step: ServerAboutToStart - Psychedelicraft-Legacy-1.7.10 took 0,000s
[23:25:40] [Server thread/TRACE] [ivtoolkit/ivtoolkit]: Sending event FMLServerAboutToStartEvent to mod ivtoolkit
[23:25:40] [Server thread/TRACE] [ivtoolkit/ivtoolkit]: Sent event FMLServerAboutToStartEvent to mod ivtoolkit
[23:25:40] [Server thread/DEBUG] [FML/]: Bar Step: ServerAboutToStart - IvToolkit took 0,000s
[23:25:40] [Server thread/DEBUG] [FML/]: Bar Finished: ServerAboutToStart took 0,002s
[23:25:40] [Server thread/DEBUG] [FML/]: Gathering id map for writing to world save Psyshodelicraft test
[23:25:40] [Server thread/INFO] [FML/]: Injecting existing block and item data into this server instance
[23:25:40] [Server thread/DEBUG] [FML/]: Registry consistency check successful
[23:25:40] [Server thread/DEBUG] [FML/]: Registry consistency check successful
[23:25:40] [Server thread/TRACE] [mcp/mcp]: Sending event FMLModIdMappingEvent to mod mcp
[23:25:40] [Server thread/TRACE] [mcp/mcp]: Sent event FMLModIdMappingEvent to mod mcp
[23:25:40] [Server thread/DEBUG] [FML/]: Bar Step: ModIdMapping - Minecraft Coder Pack took 0,000s
[23:25:40] [Server thread/TRACE] [FML/FML]: Sending event FMLModIdMappingEvent to mod FML
[23:25:40] [Server thread/TRACE] [FML/FML]: Sent event FMLModIdMappingEvent to mod FML
[23:25:40] [Server thread/DEBUG] [FML/]: Bar Step: ModIdMapping - Forge Mod Loader took 0,000s
[23:25:40] [Server thread/TRACE] [Forge/Forge]: Sending event FMLModIdMappingEvent to mod Forge
[23:25:40] [Server thread/TRACE] [Forge/Forge]: Sent event FMLModIdMappingEvent to mod Forge
[23:25:40] [Server thread/DEBUG] [FML/]: Bar Step: ModIdMapping - Minecraft Forge took 0,001s
[23:25:40] [Server thread/TRACE] [NotEnoughItems/NotEnoughItems]: Sending event FMLModIdMappingEvent to mod NotEnoughItems
[23:25:40] [Server thread/TRACE] [NotEnoughItems/NotEnoughItems]: Sent event FMLModIdMappingEvent to mod NotEnoughItems
[23:25:40] [Server thread/DEBUG] [FML/]: Bar Step: ModIdMapping - NotEnoughItems took 0,000s
[23:25:40] [Server thread/TRACE] [CodeChickenCore/CodeChickenCore]: Sending event FMLModIdMappingEvent to mod CodeChickenCore
[23:25:40] [Server thread/TRACE] [CodeChickenCore/CodeChickenCore]: Sent event FMLModIdMappingEvent to mod CodeChickenCore
[23:25:40] [Server thread/DEBUG] [FML/]: Bar Step: ModIdMapping - CodeChicken Core took 0,000s
[23:25:40] [Server thread/TRACE] [psychedelicraftcore/psychedelicraftcore]: Sending event FMLModIdMappingEvent to mod psychedelicraftcore
[23:25:40] [Server thread/TRACE] [psychedelicraftcore/psychedelicraftcore]: Sent event FMLModIdMappingEvent to mod psychedelicraftcore
[23:25:40] [Server thread/DEBUG] [FML/]: Bar Step: ModIdMapping - Psychedelicraft Core took 0,000s
[23:25:40] [Server thread/TRACE] [psychedelicraft/psychedelicraft]: Sending event FMLModIdMappingEvent to mod psychedelicraft
[23:25:40] [Server thread/TRACE] [psychedelicraft/psychedelicraft]: Sent event FMLModIdMappingEvent to mod psychedelicraft
[23:25:40] [Server thread/DEBUG] [FML/]: Bar Step: ModIdMapping - Psychedelicraft-Legacy-1.7.10 took 0,000s
[23:25:40] [Server thread/TRACE] [ivtoolkit/ivtoolkit]: Sending event FMLModIdMappingEvent to mod ivtoolkit
[23:25:40] [Server thread/TRACE] [ivtoolkit/ivtoolkit]: Sent event FMLModIdMappingEvent to mod ivtoolkit
[23:25:40] [Server thread/DEBUG] [FML/]: Bar Step: ModIdMapping - IvToolkit took 0,000s
[23:25:40] [Server thread/DEBUG] [FML/]: Bar Finished: ModIdMapping took 0,002s
[23:25:40] [Server thread/INFO] [FML/]: Applying holder lookups
[23:25:40] [Server thread/INFO] [FML/]: Holder lookups applied
[23:25:40] [Server thread/DEBUG] [FML/]: Loading persistent fluid defaults from world
[23:25:40] [Server thread/DEBUG] [FML/]: The fluid psychedelicraft:psc_rice has been selected as the default fluid for psc_rice
[23:25:40] [Server thread/DEBUG] [FML/]: The fluid psychedelicraft:psc_sugar_cane has been selected as the default fluid for psc_sugar_cane
[23:25:40] [Server thread/DEBUG] [FML/]: The fluid psychedelicraft:psc_juniper has been selected as the default fluid for psc_juniper
[23:25:40] [Server thread/DEBUG] [FML/]: The fluid psychedelicraft:psc_slurry has been selected as the default fluid for psc_slurry
[23:25:40] [Server thread/DEBUG] [FML/]: The fluid psychedelicraft:psc_caffeine_fluid has been selected as the default fluid for psc_caffeine_fluid
[23:25:40] [Server thread/DEBUG] [FML/]: The fluid psychedelicraft:psc_milk has been selected as the default fluid for psc_milk
[23:25:40] [Server thread/DEBUG] [FML/]: The fluid psychedelicraft:psc_potato has been selected as the default fluid for psc_potato
[23:25:40] [Server thread/DEBUG] [FML/]: The fluid psychedelicraft:psc_cocaine_fluid has been selected as the default fluid for psc_cocaine_fluid
[23:25:40] [Server thread/DEBUG] [FML/]: The fluid psychedelicraft:psc_peyote_juice has been selected as the default fluid for psc_peyote_juice
[23:25:40] [Server thread/DEBUG] [FML/]: The fluid minecraft:lava has been selected as the default fluid for lava
[23:25:40] [Server thread/DEBUG] [FML/]: The fluid minecraft:water has been selected as the default fluid for water
[23:25:40] [Server thread/DEBUG] [FML/]: The fluid psychedelicraft:psc_apple has been selected as the default fluid for psc_apple
[23:25:40] [Server thread/DEBUG] [FML/]: The fluid psychedelicraft:psc_honey has been selected as the default fluid for psc_honey
[23:25:40] [Server thread/DEBUG] [FML/]: The fluid psychedelicraft:psc_red_grapes has been selected as the default fluid for psc_red_grapes
[23:25:40] [Server thread/DEBUG] [FML/]: The fluid psychedelicraft:psc_wheat_hop has been selected as the default fluid for psc_wheat_hop
[23:25:40] [Server thread/DEBUG] [FML/]: The fluid psychedelicraft:psc_corn has been selected as the default fluid for psc_corn
[23:25:40] [Server thread/DEBUG] [FML/]: The fluid psychedelicraft:psc_pineapple has been selected as the default fluid for psc_pineapple
[23:25:40] [Server thread/DEBUG] [FML/]: The fluid psychedelicraft:psc_wheat has been selected as the default fluid for psc_wheat
[23:25:40] [Server thread/DEBUG] [FML/]: The fluid psychedelicraft:psc_banana has been selected as the default fluid for psc_banana
[23:25:40] [Server thread/DEBUG] [FML/]: The fluid psychedelicraft:psc_coffee has been selected as the default fluid for psc_coffee
[23:25:40] [Server thread/DEBUG] [FML/]: The fluid psychedelicraft:psc_coca_tea has been selected as the default fluid for psc_coca_tea
[23:25:40] [Server thread/DEBUG] [FML/]: The fluid psychedelicraft:psc_cannabis_tea has been selected as the default fluid for psc_cannabis_tea
[23:25:40] [Server thread/INFO] [FML/]: Loading dimension 0 (Psyshodelicraft test) (net.minecraft.server.integrated.IntegratedServer@4e611ee0)
[23:25:40] [Server thread/INFO] [FML/]: Loading dimension 1 (Psyshodelicraft test) (net.minecraft.server.integrated.IntegratedServer@4e611ee0)
[23:25:40] [Server thread/DEBUG] [NotEnoughItems/]: Loading NEI Server
[23:25:40] [Server thread/INFO] [FML/]: Loading dimension -1 (Psyshodelicraft test) (net.minecraft.server.integrated.IntegratedServer@4e611ee0)
[23:25:43] [Server thread/TRACE] [mcp/mcp]: Sending event FMLServerStartingEvent to mod mcp
[23:25:43] [Server thread/TRACE] [mcp/mcp]: Sent event FMLServerStartingEvent to mod mcp
[23:25:43] [Server thread/DEBUG] [FML/]: Bar Step: ServerStarting - Minecraft Coder Pack took 0,000s
[23:25:43] [Server thread/TRACE] [FML/FML]: Sending event FMLServerStartingEvent to mod FML
[23:25:43] [Server thread/TRACE] [FML/FML]: Sent event FMLServerStartingEvent to mod FML
[23:25:43] [Server thread/DEBUG] [FML/]: Bar Step: ServerStarting - Forge Mod Loader took 0,000s
[23:25:43] [Server thread/TRACE] [Forge/Forge]: Sending event FMLServerStartingEvent to mod Forge
[23:25:43] [Server thread/TRACE] [Forge/Forge]: Sent event FMLServerStartingEvent to mod Forge
[23:25:43] [Server thread/DEBUG] [FML/]: Bar Step: ServerStarting - Minecraft Forge took 0,002s
[23:25:43] [Server thread/TRACE] [NotEnoughItems/NotEnoughItems]: Sending event FMLServerStartingEvent to mod NotEnoughItems
[23:25:43] [Server thread/TRACE] [NotEnoughItems/NotEnoughItems]: Sent event FMLServerStartingEvent to mod NotEnoughItems
[23:25:43] [Server thread/DEBUG] [FML/]: Bar Step: ServerStarting - NotEnoughItems took 0,000s
[23:25:43] [Server thread/TRACE] [CodeChickenCore/CodeChickenCore]: Sending event FMLServerStartingEvent to mod CodeChickenCore
[23:25:43] [Server thread/TRACE] [CodeChickenCore/CodeChickenCore]: Sent event FMLServerStartingEvent to mod CodeChickenCore
[23:25:43] [Server thread/DEBUG] [FML/]: Bar Step: ServerStarting - CodeChicken Core took 0,000s
[23:25:43] [Server thread/TRACE] [psychedelicraftcore/psychedelicraftcore]: Sending event FMLServerStartingEvent to mod psychedelicraftcore
[23:25:43] [Server thread/TRACE] [psychedelicraftcore/psychedelicraftcore]: Sent event FMLServerStartingEvent to mod psychedelicraftcore
[23:25:43] [Server thread/DEBUG] [FML/]: Bar Step: ServerStarting - Psychedelicraft Core took 0,000s
[23:25:43] [Server thread/TRACE] [psychedelicraft/psychedelicraft]: Sending event FMLServerStartingEvent to mod psychedelicraft
[23:25:43] [Server thread/TRACE] [psychedelicraft/psychedelicraft]: Sent event FMLServerStartingEvent to mod psychedelicraft
[23:25:43] [Server thread/DEBUG] [FML/]: Bar Step: ServerStarting - Psychedelicraft-Legacy-1.7.10 took 0,003s
[23:25:43] [Server thread/TRACE] [ivtoolkit/ivtoolkit]: Sending event FMLServerStartingEvent to mod ivtoolkit
[23:25:43] [Server thread/TRACE] [ivtoolkit/ivtoolkit]: Sent event FMLServerStartingEvent to mod ivtoolkit
[23:25:43] [Server thread/DEBUG] [FML/]: Bar Step: ServerStarting - IvToolkit took 0,000s
[23:25:43] [Server thread/DEBUG] [FML/]: Bar Finished: ServerStarting took 0,005s
[23:25:43] [Server thread/TRACE] [mcp/mcp]: Sending event FMLServerStartedEvent to mod mcp
[23:25:43] [Server thread/TRACE] [mcp/mcp]: Sent event FMLServerStartedEvent to mod mcp
[23:25:43] [Server thread/DEBUG] [FML/]: Bar Step: ServerStarted - Minecraft Coder Pack took 0,000s
[23:25:43] [Server thread/TRACE] [FML/FML]: Sending event FMLServerStartedEvent to mod FML
[23:25:43] [Server thread/TRACE] [FML/FML]: Sent event FMLServerStartedEvent to mod FML
[23:25:43] [Server thread/DEBUG] [FML/]: Bar Step: ServerStarted - Forge Mod Loader took 0,000s
[23:25:43] [Server thread/TRACE] [Forge/Forge]: Sending event FMLServerStartedEvent to mod Forge
[23:25:43] [Server thread/TRACE] [Forge/Forge]: Sent event FMLServerStartedEvent to mod Forge
[23:25:43] [Server thread/DEBUG] [FML/]: Bar Step: ServerStarted - Minecraft Forge took 0,000s
[23:25:43] [Server thread/TRACE] [NotEnoughItems/NotEnoughItems]: Sending event FMLServerStartedEvent to mod NotEnoughItems
[23:25:43] [Server thread/TRACE] [NotEnoughItems/NotEnoughItems]: Sent event FMLServerStartedEvent to mod NotEnoughItems
[23:25:43] [Server thread/DEBUG] [FML/]: Bar Step: ServerStarted - NotEnoughItems took 0,000s
[23:25:43] [Server thread/TRACE] [CodeChickenCore/CodeChickenCore]: Sending event FMLServerStartedEvent to mod CodeChickenCore
[23:25:43] [Server thread/TRACE] [CodeChickenCore/CodeChickenCore]: Sent event FMLServerStartedEvent to mod CodeChickenCore
[23:25:43] [Server thread/DEBUG] [FML/]: Bar Step: ServerStarted - CodeChicken Core took 0,000s
[23:25:43] [Server thread/TRACE] [psychedelicraftcore/psychedelicraftcore]: Sending event FMLServerStartedEvent to mod psychedelicraftcore
[23:25:43] [Server thread/TRACE] [psychedelicraftcore/psychedelicraftcore]: Sent event FMLServerStartedEvent to mod psychedelicraftcore
[23:25:43] [Server thread/DEBUG] [FML/]: Bar Step: ServerStarted - Psychedelicraft Core took 0,000s
[23:25:43] [Server thread/TRACE] [psychedelicraft/psychedelicraft]: Sending event FMLServerStartedEvent to mod psychedelicraft
[23:25:43] [Server thread/TRACE] [psychedelicraft/psychedelicraft]: Sent event FMLServerStartedEvent to mod psychedelicraft
[23:25:43] [Server thread/DEBUG] [FML/]: Bar Step: ServerStarted - Psychedelicraft-Legacy-1.7.10 took 0,000s
[23:25:43] [Server thread/TRACE] [ivtoolkit/ivtoolkit]: Sending event FMLServerStartedEvent to mod ivtoolkit
[23:25:43] [Server thread/TRACE] [ivtoolkit/ivtoolkit]: Sent event FMLServerStartedEvent to mod ivtoolkit
[23:25:43] [Server thread/DEBUG] [FML/]: Bar Step: ServerStarted - IvToolkit took 0,000s
[23:25:43] [Server thread/DEBUG] [FML/]: Bar Finished: ServerStarted took 0,001s
[23:25:43] [Netty Client IO #0/DEBUG] [FML/]: Server FML protocol version 2, 4 byte dimension received 0
[23:25:43] [Netty Client IO #0/TRACE] [FML/]: $ServerHello->FMLHandshakeClientState$2:HELLO
[23:25:43] [Netty Client IO #0/INFO] [FML/]: Server protocol version 2
[23:25:43] [Netty Client IO #0/DEBUG] [FML/]: Received override dimension 0
[23:25:43] [Netty IO #1/TRACE] [FML/]: $ClientHello->FMLHandshakeServerState$2:HELLO
[23:25:43] [Netty IO #1/INFO] [FML/]: Client protocol version 2
[23:25:43] [Netty IO #1/TRACE] [FML/]: $ModList:8 mods->FMLHandshakeServerState$2:HELLO
[23:25:43] [Netty IO #1/INFO] [FML/]: Client attempting to join with 8 mods : NotEnoughItems@2.7.4-GTNH,CodeChickenCore@1.4.0,psychedelicraft@1.5.2,FML@7.10.99.99,psychedelicraftcore@1.4,ivtoolkit@1.2.1,Forge@10.13.4.1614,mcp@9.05
[23:25:43] [Netty IO #1/INFO] [FML/]: Attempting connection with missing mods [] at CLIENT
[23:25:43] [Netty Client IO #0/TRACE] [FML/]: $ModList:8 mods->FMLHandshakeClientState$3:WAITINGSERVERDATA
[23:25:43] [Netty Client IO #0/INFO] [FML/]: Attempting connection with missing mods [] at SERVER
[23:25:43] [Netty IO #1/TRACE] [FML/]: $HandshakeAck:{2}->FMLHandshakeServerState$3:WAITINGCACK
[23:25:43] [Netty Client IO #0/TRACE] [FML/]: $HandshakeAck:{2}->FMLHandshakeClientState$5:PENDINGCOMPLETE
[23:25:43] [Netty IO #1/TRACE] [FML/]: $HandshakeAck:{4}->FMLHandshakeServerState$4:COMPLETE
[23:25:43] [Netty Client IO #0/TRACE] [FML/]: $HandshakeAck:{3}->FMLHandshakeClientState$6:COMPLETE
[23:25:43] [Netty IO #1/TRACE] [FML/]: $HandshakeAck:{5}->FMLHandshakeServerState$5:DONE
[23:25:43] [Client thread/DEBUG] [FML/]: The fluid psychedelicraft:psc_rice has been selected as the default fluid for psc_rice
[23:25:43] [Client thread/DEBUG] [FML/]: The fluid psychedelicraft:psc_sugar_cane has been selected as the default fluid for psc_sugar_cane
[23:25:43] [Client thread/DEBUG] [FML/]: The fluid psychedelicraft:psc_juniper has been selected as the default fluid for psc_juniper
[23:25:43] [Client thread/DEBUG] [FML/]: The fluid psychedelicraft:psc_slurry has been selected as the default fluid for psc_slurry
[23:25:43] [Client thread/DEBUG] [FML/]: The fluid psychedelicraft:psc_caffeine_fluid has been selected as the default fluid for psc_caffeine_fluid
[23:25:43] [Client thread/DEBUG] [FML/]: The fluid psychedelicraft:psc_milk has been selected as the default fluid for psc_milk
[23:25:43] [Client thread/DEBUG] [FML/]: The fluid psychedelicraft:psc_potato has been selected as the default fluid for psc_potato
[23:25:43] [Client thread/DEBUG] [FML/]: The fluid psychedelicraft:psc_cocaine_fluid has been selected as the default fluid for psc_cocaine_fluid
[23:25:43] [Client thread/DEBUG] [FML/]: The fluid psychedelicraft:psc_peyote_juice has been selected as the default fluid for psc_peyote_juice
[23:25:43] [Client thread/DEBUG] [FML/]: The fluid minecraft:lava has been selected as the default fluid for lava
[23:25:43] [Client thread/DEBUG] [FML/]: The fluid minecraft:water has been selected as the default fluid for water
[23:25:43] [Client thread/DEBUG] [FML/]: The fluid psychedelicraft:psc_apple has been selected as the default fluid for psc_apple
[23:25:43] [Client thread/DEBUG] [FML/]: The fluid psychedelicraft:psc_honey has been selected as the default fluid for psc_honey
[23:25:43] [Client thread/DEBUG] [FML/]: The fluid psychedelicraft:psc_red_grapes has been selected as the default fluid for psc_red_grapes
[23:25:43] [Client thread/DEBUG] [FML/]: The fluid psychedelicraft:psc_wheat_hop has been selected as the default fluid for psc_wheat_hop
[23:25:43] [Client thread/DEBUG] [FML/]: The fluid psychedelicraft:psc_corn has been selected as the default fluid for psc_corn
[23:25:43] [Client thread/DEBUG] [FML/]: The fluid psychedelicraft:psc_wheat has been selected as the default fluid for psc_wheat
[23:25:43] [Client thread/DEBUG] [FML/]: The fluid psychedelicraft:psc_pineapple has been selected as the default fluid for psc_pineapple
[23:25:43] [Client thread/DEBUG] [FML/]: The fluid psychedelicraft:psc_banana has been selected as the default fluid for psc_banana
[23:25:43] [Client thread/DEBUG] [FML/]: The fluid psychedelicraft:psc_coffee has been selected as the default fluid for psc_coffee
[23:25:43] [Client thread/DEBUG] [FML/]: The fluid psychedelicraft:psc_coca_tea has been selected as the default fluid for psc_coca_tea
[23:25:43] [Client thread/DEBUG] [FML/]: The fluid psychedelicraft:psc_cannabis_tea has been selected as the default fluid for psc_cannabis_tea
[23:25:43] [Client thread/INFO] [FML/]: [Client thread] Client side modded connection established
[23:25:43] [Server thread/INFO] [FML/]: [Server thread] Server side modded connection established
[23:25:43] [Client thread/DEBUG] [FML/]: Overriding dimension: using 0
[23:25:44] [Server thread/DEBUG] [NotEnoughItems/]: Loading Player: Developer
[23:25:44] [Server thread/DEBUG] [NotEnoughItems/]: Sending serverside check to: Developer
[23:25:44] [Client thread/DEBUG] [NotEnoughItems/]: Loading Local World
[23:25:44] [Client thread/DEBUG] [CCL ASM/]: Writing method [net/minecraft/client/gui/inventory/GuiContainer.setWorldAndResolution(Lnet/minecraft/client/Minecraft;II)V]
[23:25:44] [Client thread/DEBUG] [CCL ASM/]: Writing method [net/minecraft/client/gui/inventory/GuiContainer.handleKeyboardInput()V]
[23:25:44] [Client thread/DEBUG] [CCL ASM/]: Writing method [net/minecraft/client/gui/inventory/GuiContainer.handleKeyboardInput()V]
[23:25:44] [Client thread/DEBUG] [CCL ASM/]: Writing method [net/minecraft/client/gui/inventory/GuiContainer.handleKeyboardInput()V]
[23:25:44] [Client thread/DEBUG] [CCL ASM/]: Writing method [net/minecraft/client/gui/inventory/GuiContainer.handleMouseInput()V]
[23:25:44] [Client thread/DEBUG] [CCL ASM/]: Writing method [net/minecraft/client/gui/inventory/GuiContainer.public_func_73869_a(CI)V]
[23:25:44] [Client thread/DEBUG] [CCL ASM/]: Writing method [net/minecraft/client/gui/inventory/GuiContainer.public_func_146984_a(Lnet/minecraft/inventory/Slot;III)V]
[23:25:44] [Client thread/DEBUG] [CCL ASM/]: Injecting before method [net/minecraft/client/gui/inventory/GuiContainer.drawScreen(IIF)V]
[23:25:44] [Client thread/DEBUG] [CCL ASM/]: Injecting after method [net/minecraft/client/gui/inventory/GuiContainer.drawScreen(IIF)V] @ 138 - 140
[23:25:44] [Client thread/DEBUG] [CCL ASM/]: Injecting after method [net/minecraft/client/gui/inventory/GuiContainer.drawScreen(IIF)V] @ 220 - 225
[23:25:44] [Client thread/DEBUG] [CCL ASM/]: Replacing method [net/minecraft/client/gui/inventory/GuiContainer.drawScreen(IIF)V] @ 444 - 470
[23:25:44] [Client thread/DEBUG] [CCL ASM/]: Replacing method [net/minecraft/client/gui/inventory/GuiContainer.drawItemStack(Lnet/minecraft/item/ItemStack;IILjava/lang/String;)V] @ 9 - 10
[23:25:44] [Client thread/DEBUG] [CCL ASM/]: Replacing method [net/minecraft/client/gui/inventory/GuiContainer.drawItemStack(Lnet/minecraft/item/ItemStack;IILjava/lang/String;)V] @ 14 - 15
[23:25:44] [Client thread/DEBUG] [CCL ASM/]: Replacing method [net/minecraft/client/gui/inventory/GuiContainer.func_146977_a(Lnet/minecraft/inventory/Slot;)V] @ 298 - 323
[23:25:44] [Client thread/DEBUG] [CCL ASM/]: Injecting before method [net/minecraft/client/gui/inventory/GuiContainer.mouseClicked(III)V]
[23:25:44] [Client thread/DEBUG] [CCL ASM/]: Replacing method [net/minecraft/client/gui/inventory/GuiContainer.mouseClicked(III)V] @ 259 - 260
[23:25:44] [Client thread/DEBUG] [CCL ASM/]: Replacing method [net/minecraft/client/gui/inventory/GuiContainer.mouseClicked(III)V] @ 331 - 332
[23:25:44] [Client thread/DEBUG] [CCL ASM/]: Replacing method [net/minecraft/client/gui/inventory/GuiContainer.mouseClickMove(IIIJ)V] @ 98 - 99
[23:25:44] [Client thread/DEBUG] [CCL ASM/]: Replacing method [net/minecraft/client/gui/inventory/GuiContainer.mouseClickMove(IIIJ)V] @ 107 - 108
[23:25:44] [Client thread/DEBUG] [CCL ASM/]: Replacing method [net/minecraft/client/gui/inventory/GuiContainer.mouseClickMove(IIIJ)V] @ 118 - 119
[23:25:44] [Client thread/DEBUG] [CCL ASM/]: Replacing method [net/minecraft/client/gui/inventory/GuiContainer.mouseMovedOrUp(III)V] @ 158 - 159
[23:25:44] [Client thread/DEBUG] [CCL ASM/]: Replacing method [net/minecraft/client/gui/inventory/GuiContainer.mouseMovedOrUp(III)V] @ 168 - 169
[23:25:44] [Client thread/DEBUG] [CCL ASM/]: Replacing method [net/minecraft/client/gui/inventory/GuiContainer.mouseMovedOrUp(III)V] @ 287 - 288
[23:25:44] [Client thread/DEBUG] [CCL ASM/]: Replacing method [net/minecraft/client/gui/inventory/GuiContainer.mouseMovedOrUp(III)V] @ 295 - 296
[23:25:44] [Client thread/DEBUG] [CCL ASM/]: Replacing method [net/minecraft/client/gui/inventory/GuiContainer.mouseMovedOrUp(III)V] @ 314 - 315
[23:25:44] [Client thread/DEBUG] [CCL ASM/]: Replacing method [net/minecraft/client/gui/inventory/GuiContainer.mouseMovedOrUp(III)V] @ 424 - 425
[23:25:44] [Client thread/DEBUG] [CCL ASM/]: Replacing method [net/minecraft/client/gui/inventory/GuiContainer.mouseMovedOrUp(III)V] @ 454 - 455
[23:25:44] [Client thread/DEBUG] [CCL ASM/]: Replacing method [net/minecraft/client/gui/inventory/GuiContainer.mouseMovedOrUp(III)V] @ 468 - 469
[23:25:44] [Client thread/DEBUG] [CCL ASM/]: Replacing method [net/minecraft/client/gui/inventory/GuiContainer.mouseMovedOrUp(III)V] @ 497 - 498
[23:25:44] [Client thread/DEBUG] [CCL ASM/]: Replacing method [net/minecraft/client/gui/inventory/GuiContainer.mouseMovedOrUp(III)V] @ 557 - 559
[23:25:44] [Client thread/DEBUG] [CCL ASM/]: Replacing method [net/minecraft/client/gui/inventory/GuiContainer.keyTyped(CI)V] @ 54 - 55
[23:25:44] [Client thread/DEBUG] [CCL ASM/]: Replacing method [net/minecraft/client/gui/inventory/GuiContainer.keyTyped(CI)V] @ 84 - 85
[23:25:44] [Client thread/DEBUG] [CCL ASM/]: Replacing method [net/minecraft/client/gui/inventory/GuiContainer.checkHotbarKeys(I)Z] @ 41 - 42
[23:25:44] [Client thread/DEBUG] [CCL ASM/]: Writing method [net/minecraft/client/gui/inventory/GuiContainer.managerHandleMouseClick(Lnet/minecraft/inventory/Slot;III)V]
[23:25:44] [Client thread/DEBUG] [CCL ASM/]: Injecting after method [net/minecraft/client/gui/inventory/GuiContainer.mouseClickMove(IIIJ)V] @ 14 - 15
[23:25:44] [Client thread/DEBUG] [CCL ASM/]: Injecting before method [net/minecraft/client/gui/inventory/GuiContainer.mouseMovedOrUp(III)V]
[23:25:44] [Client thread/DEBUG] [CCL ASM/]: NEI: Injecting mouseUp call
[23:25:44] [Client thread/DEBUG] [CCL ASM/]: Replacing method [net/minecraft/client/gui/inventory/GuiContainer.handleMouseClick(Lnet/minecraft/inventory/Slot;III)V] @ 10 - 26
[23:25:44] [Client thread/DEBUG] [CCL ASM/]: Injecting before method [net/minecraft/client/gui/inventory/GuiContainer.keyTyped(CI)V]
[23:25:44] [Client thread/DEBUG] [CCL ASM/]: Injecting after method [net/minecraft/client/gui/inventory/GuiContainer.updateScreen()V] @ 0 - 4
[23:25:44] [Client thread/DEBUG] [CCL ASM/]: Inserted super call into [net/minecraft/client/renderer/InventoryEffectRenderer.updateScreen()V]
[23:25:44] [Client thread/DEBUG] [CCL ASM/]: Injecting before method [net/minecraft/client/gui/inventory/GuiContainerCreative.func_147049_a(Lnet/minecraft/creativetab/CreativeTabs;II)Z]
[23:25:44] [Client thread/DEBUG] [CCL ASM/]: Injecting before method [net/minecraft/client/gui/inventory/GuiContainerCreative.renderCreativeInventoryHoveringText(Lnet/minecraft/creativetab/CreativeTabs;II)Z]
[23:25:44] [Client thread/DEBUG] [CCL ASM/]: Inserted super call into [net/minecraft/client/renderer/InventoryEffectRenderer.updateScreen()V]
[23:25:44] [Client thread/INFO] [NotEnoughItems/]: Creating default 'collapsibleitems.cfg' C:\Users\MrUser\Desktop\MinecraftDev\Psychedelicraft-Legacy-1.7.10\run\config\NEI\collapsibleitems.cfg
[23:25:44] [NEI Plugin Loader/INFO] [NotEnoughItems/]: Loading catalyst info from JAR
[23:25:44] [Client thread/INFO] [NotEnoughItems/]: Loading 'collapsibleitems.cfg' file C:\Users\MrUser\Desktop\MinecraftDev\Psychedelicraft-Legacy-1.7.10\run\config\NEI\collapsibleitems.cfg
[23:26:28] [Server thread/DEBUG] [FML/]: Gathering id map for writing to world save Psyshodelicraft test
[23:26:38] [Server thread/DEBUG] [FML/]: Gathering id map for writing to world save Psyshodelicraft test
[23:27:16] [Server thread/DEBUG] [FML/]: Gathering id map for writing to world save Psyshodelicraft test
[23:27:29] [Server thread/DEBUG] [NotEnoughItems/]: Sending serverside check to: Developer
[23:27:29] [Client thread/DEBUG] [NotEnoughItems/]: Loading Local World
[23:27:29] [Client thread/INFO] [NotEnoughItems/]: Loading 'collapsibleitems.cfg' file C:\Users\MrUser\Desktop\MinecraftDev\Psychedelicraft-Legacy-1.7.10\run\config\NEI\collapsibleitems.cfg
[23:27:29] [Client thread/INFO] [NotEnoughItems/]: Loading bookmarks from file C:\Users\MrUser\Desktop\MinecraftDev\Psychedelicraft-Legacy-1.7.10\run\saves\NEI\global\bookmarks.ini
[23:27:45] [Server thread/DEBUG] [FML/]: Gathering id map for writing to world save Psyshodelicraft test
[23:27:52] [Server thread/DEBUG] [NotEnoughItems/]: Sending serverside check to: Developer
[23:27:52] [Client thread/DEBUG] [NotEnoughItems/]: Loading Local World
[23:27:52] [Client thread/INFO] [NotEnoughItems/]: Loading 'collapsibleitems.cfg' file C:\Users\MrUser\Desktop\MinecraftDev\Psychedelicraft-Legacy-1.7.10\run\config\NEI\collapsibleitems.cfg
[23:27:54] [Client thread/INFO] [NotEnoughItems/]: Loading bookmarks from file C:\Users\MrUser\Desktop\MinecraftDev\Psychedelicraft-Legacy-1.7.10\run\saves\NEI\global\bookmarks.ini
[23:28:01] [Server thread/DEBUG] [FML/]: Gathering id map for writing to world save Psyshodelicraft test
[23:28:23] [Server thread/DEBUG] [FML/]: Gathering id map for writing to world save Psyshodelicraft test
[23:28:24] [Server thread/TRACE] [mcp/mcp]: Sending event FMLServerStoppingEvent to mod mcp
[23:28:24] [Server thread/TRACE] [mcp/mcp]: Sent event FMLServerStoppingEvent to mod mcp
[23:28:24] [Server thread/DEBUG] [FML/]: Bar Step: ServerStopping - Minecraft Coder Pack took 0,000s
[23:28:24] [Server thread/TRACE] [FML/FML]: Sending event FMLServerStoppingEvent to mod FML
[23:28:24] [Server thread/TRACE] [FML/FML]: Sent event FMLServerStoppingEvent to mod FML
[23:28:24] [Server thread/DEBUG] [FML/]: Bar Step: ServerStopping - Forge Mod Loader took 0,000s
[23:28:24] [Server thread/TRACE] [Forge/Forge]: Sending event FMLServerStoppingEvent to mod Forge
[23:28:24] [Server thread/TRACE] [Forge/Forge]: Sent event FMLServerStoppingEvent to mod Forge
[23:28:24] [Server thread/DEBUG] [FML/]: Bar Step: ServerStopping - Minecraft Forge took 0,000s
[23:28:24] [Server thread/TRACE] [NotEnoughItems/NotEnoughItems]: Sending event FMLServerStoppingEvent to mod NotEnoughItems
[23:28:24] [Server thread/TRACE] [NotEnoughItems/NotEnoughItems]: Sent event FMLServerStoppingEvent to mod NotEnoughItems
[23:28:24] [Server thread/DEBUG] [FML/]: Bar Step: ServerStopping - NotEnoughItems took 0,000s
[23:28:24] [Server thread/TRACE] [CodeChickenCore/CodeChickenCore]: Sending event FMLServerStoppingEvent to mod CodeChickenCore
[23:28:24] [Server thread/TRACE] [CodeChickenCore/CodeChickenCore]: Sent event FMLServerStoppingEvent to mod CodeChickenCore
[23:28:24] [Server thread/DEBUG] [FML/]: Bar Step: ServerStopping - CodeChicken Core took 0,000s
[23:28:24] [Server thread/TRACE] [psychedelicraftcore/psychedelicraftcore]: Sending event FMLServerStoppingEvent to mod psychedelicraftcore
[23:28:24] [Server thread/TRACE] [psychedelicraftcore/psychedelicraftcore]: Sent event FMLServerStoppingEvent to mod psychedelicraftcore
[23:28:24] [Server thread/DEBUG] [FML/]: Bar Step: ServerStopping - Psychedelicraft Core took 0,000s
[23:28:24] [Server thread/TRACE] [psychedelicraft/psychedelicraft]: Sending event FMLServerStoppingEvent to mod psychedelicraft
[23:28:24] [Server thread/TRACE] [psychedelicraft/psychedelicraft]: Sent event FMLServerStoppingEvent to mod psychedelicraft
[23:28:24] [Server thread/DEBUG] [FML/]: Bar Step: ServerStopping - Psychedelicraft-Legacy-1.7.10 took 0,000s
[23:28:24] [Server thread/TRACE] [ivtoolkit/ivtoolkit]: Sending event FMLServerStoppingEvent to mod ivtoolkit
[23:28:24] [Server thread/TRACE] [ivtoolkit/ivtoolkit]: Sent event FMLServerStoppingEvent to mod ivtoolkit
[23:28:24] [Server thread/DEBUG] [FML/]: Bar Step: ServerStopping - IvToolkit took 0,000s
[23:28:24] [Server thread/DEBUG] [FML/]: Bar Finished: ServerStopping took 0,001s
[23:28:24] [Server thread/DEBUG] [FML/]: Gathering id map for writing to world save Psyshodelicraft test
[23:28:24] [Server thread/INFO] [FML/]: Unloading dimension 0
[23:28:24] [Server thread/INFO] [FML/]: Unloading dimension -1
[23:28:24] [Server thread/INFO] [FML/]: Unloading dimension 1
[23:28:24] [Server thread/DEBUG] [FML/]: Reverting to frozen data state.
[23:28:24] [Server thread/TRACE] [mcp/mcp]: Sending event FMLModIdMappingEvent to mod mcp
[23:28:24] [Server thread/TRACE] [mcp/mcp]: Sent event FMLModIdMappingEvent to mod mcp
[23:28:24] [Server thread/DEBUG] [FML/]: Bar Step: ModIdMapping - Minecraft Coder Pack took 0,000s
[23:28:24] [Server thread/TRACE] [FML/FML]: Sending event FMLModIdMappingEvent to mod FML
[23:28:24] [Server thread/TRACE] [FML/FML]: Sent event FMLModIdMappingEvent to mod FML
[23:28:24] [Server thread/DEBUG] [FML/]: Bar Step: ModIdMapping - Forge Mod Loader took 0,000s
[23:28:24] [Server thread/TRACE] [Forge/Forge]: Sending event FMLModIdMappingEvent to mod Forge
[23:28:24] [Server thread/TRACE] [Forge/Forge]: Sent event FMLModIdMappingEvent to mod Forge
[23:28:24] [Server thread/DEBUG] [FML/]: Bar Step: ModIdMapping - Minecraft Forge took 0,000s
[23:28:24] [Server thread/TRACE] [NotEnoughItems/NotEnoughItems]: Sending event FMLModIdMappingEvent to mod NotEnoughItems
[23:28:24] [Server thread/TRACE] [NotEnoughItems/NotEnoughItems]: Sent event FMLModIdMappingEvent to mod NotEnoughItems
[23:28:24] [Server thread/DEBUG] [FML/]: Bar Step: ModIdMapping - NotEnoughItems took 0,000s
[23:28:24] [Server thread/TRACE] [CodeChickenCore/CodeChickenCore]: Sending event FMLModIdMappingEvent to mod CodeChickenCore
[23:28:24] [Server thread/TRACE] [CodeChickenCore/CodeChickenCore]: Sent event FMLModIdMappingEvent to mod CodeChickenCore
[23:28:24] [Server thread/DEBUG] [FML/]: Bar Step: ModIdMapping - CodeChicken Core took 0,000s
[23:28:24] [Server thread/TRACE] [psychedelicraftcore/psychedelicraftcore]: Sending event FMLModIdMappingEvent to mod psychedelicraftcore
[23:28:24] [Server thread/TRACE] [psychedelicraftcore/psychedelicraftcore]: Sent event FMLModIdMappingEvent to mod psychedelicraftcore
[23:28:24] [Server thread/DEBUG] [FML/]: Bar Step: ModIdMapping - Psychedelicraft Core took 0,000s
[23:28:24] [Server thread/TRACE] [psychedelicraft/psychedelicraft]: Sending event FMLModIdMappingEvent to mod psychedelicraft
[23:28:24] [Server thread/TRACE] [psychedelicraft/psychedelicraft]: Sent event FMLModIdMappingEvent to mod psychedelicraft
[23:28:24] [Server thread/DEBUG] [FML/]: Bar Step: ModIdMapping - Psychedelicraft-Legacy-1.7.10 took 0,000s
[23:28:24] [Server thread/TRACE] [ivtoolkit/ivtoolkit]: Sending event FMLModIdMappingEvent to mod ivtoolkit
[23:28:24] [Server thread/TRACE] [ivtoolkit/ivtoolkit]: Sent event FMLModIdMappingEvent to mod ivtoolkit
[23:28:24] [Server thread/DEBUG] [FML/]: Bar Step: ModIdMapping - IvToolkit took 0,000s
[23:28:24] [Server thread/DEBUG] [FML/]: Bar Finished: ModIdMapping took 0,001s
[23:28:24] [Server thread/INFO] [FML/]: Applying holder lookups
[23:28:24] [Server thread/INFO] [FML/]: Holder lookups applied
[23:28:24] [Server thread/TRACE] [mcp/mcp]: Sending event FMLServerStoppedEvent to mod mcp
[23:28:24] [Server thread/TRACE] [mcp/mcp]: Sent event FMLServerStoppedEvent to mod mcp
[23:28:24] [Server thread/DEBUG] [FML/]: Bar Step: ServerStopped - Minecraft Coder Pack took 0,000s
[23:28:24] [Server thread/TRACE] [FML/FML]: Sending event FMLServerStoppedEvent to mod FML
[23:28:24] [Server thread/TRACE] [FML/FML]: Sent event FMLServerStoppedEvent to mod FML
[23:28:24] [Server thread/DEBUG] [FML/]: Bar Step: ServerStopped - Forge Mod Loader took 0,000s
[23:28:24] [Server thread/TRACE] [Forge/Forge]: Sending event FMLServerStoppedEvent to mod Forge
[23:28:24] [Server thread/TRACE] [Forge/Forge]: Sent event FMLServerStoppedEvent to mod Forge
[23:28:24] [Server thread/DEBUG] [FML/]: Bar Step: ServerStopped - Minecraft Forge took 0,000s
[23:28:24] [Server thread/TRACE] [NotEnoughItems/NotEnoughItems]: Sending event FMLServerStoppedEvent to mod NotEnoughItems
[23:28:24] [Server thread/TRACE] [NotEnoughItems/NotEnoughItems]: Sent event FMLServerStoppedEvent to mod NotEnoughItems
[23:28:24] [Server thread/DEBUG] [FML/]: Bar Step: ServerStopped - NotEnoughItems took 0,000s
[23:28:24] [Server thread/TRACE] [CodeChickenCore/CodeChickenCore]: Sending event FMLServerStoppedEvent to mod CodeChickenCore
[23:28:24] [Server thread/TRACE] [CodeChickenCore/CodeChickenCore]: Sent event FMLServerStoppedEvent to mod CodeChickenCore
[23:28:24] [Server thread/DEBUG] [FML/]: Bar Step: ServerStopped - CodeChicken Core took 0,000s
[23:28:24] [Server thread/TRACE] [psychedelicraftcore/psychedelicraftcore]: Sending event FMLServerStoppedEvent to mod psychedelicraftcore
[23:28:24] [Server thread/TRACE] [psychedelicraftcore/psychedelicraftcore]: Sent event FMLServerStoppedEvent to mod psychedelicraftcore
[23:28:24] [Server thread/DEBUG] [FML/]: Bar Step: ServerStopped - Psychedelicraft Core took 0,000s
[23:28:24] [Server thread/TRACE] [psychedelicraft/psychedelicraft]: Sending event FMLServerStoppedEvent to mod psychedelicraft
[23:28:24] [Server thread/TRACE] [psychedelicraft/psychedelicraft]: Sent event FMLServerStoppedEvent to mod psychedelicraft
[23:28:24] [Server thread/DEBUG] [FML/]: Bar Step: ServerStopped - Psychedelicraft-Legacy-1.7.10 took 0,000s
[23:28:24] [Server thread/TRACE] [ivtoolkit/ivtoolkit]: Sending event FMLServerStoppedEvent to mod ivtoolkit
[23:28:24] [Server thread/TRACE] [ivtoolkit/ivtoolkit]: Sent event FMLServerStoppedEvent to mod ivtoolkit
[23:28:24] [Server thread/DEBUG] [FML/]: Bar Step: ServerStopped - IvToolkit took 0,000s
[23:28:24] [Server thread/DEBUG] [FML/]: Bar Finished: ServerStopped took 0,001s
[23:28:25] [Client thread/INFO] [STDOUT/]: [paulscode.sound.SoundSystemLogger:message:69]: 
[23:28:25] [Client thread/INFO] [STDOUT/]: [paulscode.sound.SoundSystemLogger:message:69]: SoundSystem shutting down...
[23:28:25] [Client thread/INFO] [STDOUT/]: [paulscode.sound.SoundSystemLogger:importantMessage:90]:     Author: Paul Lamb, www.paulscode.com
[23:28:25] [Client thread/INFO] [STDOUT/]: [paulscode.sound.SoundSystemLogger:message:69]: 
